category_name,product_name,unit
FRUTAS FRESCAS,ARÁNDANO,KG
FRUTAS FRESCAS,ARÁNDANO,CAJA
FRUTAS FRESCAS,CARAMBOLA,UNIDAD
FRUTAS FRESCAS,CARAMBOLA,CUARTILLA
FRUTAS FRESCAS,COCO,UNIDAD
FRUTAS FRESCAS,DURAZNO,BS
FRUTAS FRESCAS,DURAZNO,UNIDAD
FRUTAS FRESCAS,DURAZNO,CUARTILLA
FRUTAS FRESCAS,FRAMBUESA,CAJA
FRUTAS FRESCAS,FRUTILLA,KG
FRUTAS FRESCAS,FRUTILLA,CAJA
FRUTAS FRESCAS,FRUTILLA GRANDE,KG
FRUTAS FRESCAS,FRUTILLA GRANDE,CAJA
FRUTAS FRESCAS,KIWI,KG
FRUTAS FRESCAS,LIMON PARRILLERO,UNIDAD
FRUTAS FRESCAS,LIMON SUTIL,UNIDAD
FRUTAS FRESCAS,LIMON VERDE SIN PEPA,UNIDAD
FRUTAS FRESCAS,LIMON VERDE SIN PEPA,CUARTILLA
FRUTAS FRESCAS,MANDARINA CRIOLLA,UNIDAD
FRUTAS FRESCAS,MANDARINA JAPONESA,UNIDAD
FRUTAS FRESCAS,MANDARINA-LIMÓN,UNIDAD
FRUTAS FRESCAS,MANGA MANZANA,UNIDAD
FRUTAS FRESCAS,MANGO,UNIDAD
FRUTAS FRESCAS,MANZANA ROJA,UNIDAD
FRUTAS FRESCAS,MANZANA ROJA,BS
FRUTAS FRESCAS,MANZANA ROJA,CAJA
FRUTAS FRESCAS,MANZANA ROJA CRIOLLA,UNIDAD
FRUTAS FRESCAS,MANZANA ROJA CRIOLLA,BS
FRUTAS FRESCAS,MANZANA VERDE,UNIDAD
FRUTAS FRESCAS,MANZANA VERDE,BS
FRUTAS FRESCAS,MANZANA VERDE,CAJA
FRUTAS FRESCAS,MARACUYÁ,UNIDAD
FRUTAS FRESCAS,MARACUYÁ,KG
FRUTAS FRESCAS,MARACUYÁ,CUARTILLA
FRUTAS FRESCAS,MARACUYÁ,ARROBA
FRUTAS FRESCAS,MELÓN VERDE,UNIDAD
FRUTAS FRESCAS,MORA,KG
FRUTAS FRESCAS,MORA,CAJA
FRUTAS FRESCAS,NARANJA,UNIDAD
FRUTAS FRESCAS,NARANJA,KG
FRUTAS FRESCAS,PALTA MADURA,UNIDAD
FRUTAS FRESCAS,PALTA MADURA,CAJA
FRUTAS FRESCAS,PALTA PERUANA MADURA,UNIDAD
FRUTAS FRESCAS,PALTA PERUANA MADURA,CAJA
FRUTAS FRESCAS,PALTA PERUANA SEMI MADURA,UNIDAD
FRUTAS FRESCAS,PALTA PERUANA SEMI MADURA,CAJA
FRUTAS FRESCAS,PALTA PERUANA VERDE,UNIDAD
FRUTAS FRESCAS,PALTA PERUANA VERDE,CAJA
FRUTAS FRESCAS,PALTA SEMI MADURA,UNIDAD
FRUTAS FRESCAS,PALTA SEMI MADURA,CAJA
FRUTAS FRESCAS,PALTA VERDE,UNIDAD
FRUTAS FRESCAS,PALTA VERDE,CAJA
FRUTAS FRESCAS,PAPAYA,UNIDAD
FRUTAS FRESCAS,PAPAYA,BS
FRUTAS FRESCAS,PIÑA,UNIDAD
FRUTAS FRESCAS,PIÑA SIN CABEZA,UNIDAD
FRUTAS FRESCAS,PLATANO FREIR,UNIDAD
FRUTAS FRESCAS,PLATANO FREIR,RAMO
FRUTAS FRESCAS,PLATANO FREIR MADURO,UNIDAD
FRUTAS FRESCAS,PLATANO FREIR MADURO,RAMO
FRUTAS FRESCAS,PLATANO FREIR PINTON,UNIDAD
FRUTAS FRESCAS,PLATANO FREIR PINTON,RAMO
FRUTAS FRESCAS,PLÁTANO POSTRE,UNIDAD
FRUTAS FRESCAS,POMELO,UNIDAD
FRUTAS FRESCAS,SANDIA,UNIDAD
FRUTAS FRESCAS,TUMBO,UNIDAD
FRUTAS FRESCAS,TUMBO,KG
FRUTAS FRESCAS,TUMBO,CUARTILLA
FRUTAS FRESCAS,TUMBO,ARROBA
FRUTAS FRESCAS,UVA VERDE,KG
VERDURAS,ACELGA,BS
VERDURAS,ACELGA,AMARRO
VERDURAS,ACELGA CHINA,UNIDAD
VERDURAS,ACHOJCHA,BS
VERDURAS,ACHOJCHA,CUARTILLA
VERDURAS,ACHOJCHA,ARROBA
VERDURAS,AJI UCHU,BS
VERDURAS,AJI UCHU,LIBRA
VERDURAS,AJI UCHU,KG
VERDURAS,AJI UCHU,CUARTILLA
VERDURAS,AJI UCHU,ARROBA
VERDURAS,AJI UCHU ROJO,BS
VERDURAS,AJI UCHU ROJO,LIBRA
VERDURAS,AJI UCHU ROJO,KG
VERDURAS,AJI UCHU ROJO,CUARTILLA
VERDURAS,AJI UCHU ROJO,ARROBA
VERDURAS,AJI UCHU ROJO AMARILLO,BS
VERDURAS,AJI UCHU ROJO AMARILLO,LIBRA
VERDURAS,AJI UCHU ROJO AMARILLO,KG
VERDURAS,AJI UCHU ROJO AMARILLO,CUARTILLA
VERDURAS,AJI UCHU ROJO AMARILLO,ARROBA
VERDURAS,AJI FRESCO AMARILLO PER,BS
VERDURAS,AJI FRESCO AMARILLO PER,LIBRA
VERDURAS,AJI FRESCO AMARILLO PER,KG
VERDURAS,AJI FRESCO AMARILLO PER,CUARTILLA
VERDURAS,AJO EN DIENTE,CABEZA
VERDURAS,AJO EN DIENTE,BS
VERDURAS,AJO EN DIENTE,LIBRA
VERDURAS,AJO EN DIENTE,KG
VERDURAS,AJO EN DIENTE,CUARTILLA
VERDURAS,AJO EN DIENTE,ARROBA
VERDURAS,AJO PELADO,BS
VERDURAS,AJO PELADO,LIBRA
VERDURAS,AJO PELADO,KG
VERDURAS,AJO PELADO,CUARTILLA
VERDURAS,ALCACHOFA,CABEZA
VERDURAS,ARVEJA,BS
VERDURAS,ARVEJA,LIBRA
VERDURAS,ARVEJA,KG
VERDURAS,ARVEJA,CUARTILLA
VERDURAS,ARVEJA,ARROBA
VERDURAS,ARVEJA PELADA,BS
VERDURAS,ARVEJA PELADA,LIBRA
VERDURAS,ARVEJA PELADA,KG
VERDURAS,ARVEJA PELADA,CUARTILLA
VERDURAS,BERENJENA,UNIDAD
VERDURAS,BERENJENA,CUARTILLA
VERDURAS,BROCOLI,UNIDAD
VERDURAS,BROCOLI,CUARTILLA
VERDURAS,BROCOLI XTRA GRANDE,UNIDAD
VERDURAS,BRUSELAS,BANDEJA
VERDURAS,CAMOTE,KG
VERDURAS,CAMOTE,CUARTILLA
VERDURAS,CAMOTE,ARROBA
VERDURAS,CAMOTE PERUANO,KG
VERDURAS,CAMOTE PERUANO,CUARTILLA
VERDURAS,CAMOTE PERUANO,ARROBA
VERDURAS,CAROTE AMARILLO,UNIDAD
VERDURAS,CAROTE AMARILLO,CUARTILLA
VERDURAS,CEBOLLA BLANCA,UNIDAD
VERDURAS,CEBOLLA BLANCA,BS
VERDURAS,CEBOLLA BLANCA,LIBRA
VERDURAS,CEBOLLA BLANCA,KG
VERDURAS,CEBOLLA BLANCA,CUARTILLA
VERDURAS,CEBOLLA BLANCA,ARROBA
VERDURAS,CEBOLLA BLANCA,CARGA
VERDURAS,CEBOLLA VERDE,BS
VERDURAS,CEBOLLA VERDE,CUARTILLA
VERDURAS,CEBOLLA MORADA,UNIDAD
VERDURAS,CEBOLLA MORADA,BS
VERDURAS,CEBOLLA MORADA,LIBRA
VERDURAS,CEBOLLA MORADA,KG
VERDURAS,CEBOLLA MORADA,CUARTILLA
VERDURAS,CEBOLLA MORADA,ARROBA
VERDURAS,CEBOLLA MORADA,CARGA
VERDURAS,CEBOLLA CEVICHE,UNIDAD
VERDURAS,CEBOLLA CEVICHE,BS
VERDURAS,CEBOLLA CEVICHE,LIBRA
VERDURAS,CEBOLLA CEVICHE,KG
VERDURAS,CEBOLLA CEVICHE,CUARTILLA
VERDURAS,CEBOLLA CEVICHE,ARROBA
VERDURAS,CEBOLLA ESCABECHE,UNIDAD
VERDURAS,CEBOLLA ESCABECHE,BS
VERDURAS,CEBOLLA ESCABECHE,LIBRA
VERDURAS,CEBOLLA ESCABECHE,KG
VERDURAS,CEBOLLA ESCABECHE,CUARTILLA
VERDURAS,CEBOLLA ESCABECHE,ARROBA
VERDURAS,CHOCLO 1RA TIERNO,UNIDAD
VERDURAS,CHOCLO 2DA TIERNO,UNIDAD
VERDURAS,CHAMPIÑON FRESCO,BANDEJA
VERDURAS,COLIFLOR,CABEZA
VERDURAS,COLIFLOR XTRA GRANDE,CABEZA
VERDURAS,ESPINACA,BS
VERDURAS,ESPINACA,LIBRA
VERDURAS,ESPINACA,CUARTILLA
VERDURAS,HABA,BS
VERDURAS,HABA,LIBRA
VERDURAS,HABA,CUARTILLA
VERDURAS,HABA,ARROBA
VERDURAS,FLOR DE JAMAICA FRESCA,BS
VERDURAS,FLOR DE JAMAICA FRESCA,LIBRA
VERDURAS,FLOR DE JAMAICA FRESCA,CUARTILLA
VERDURAS,HONGO PORTOBELLO,BANDEJA
VERDURAS,JALAPEÑO,BANDEJA
VERDURAS,JENGIBRE FRESCO,BS
VERDURAS,JENGIBRE FRESCO,UNIDAD
VERDURAS,JENGIBRE FRESCO,LIBRA
VERDURAS,LECHUGA CRESPA,BOLSA
VERDURAS,LECHUGA CRESPA,CUARTILLA
VERDURAS,LECHUGA CRESPA,ARROBA
VERDURAS,LECHUGA ESCAROLA,UNIDAD
VERDURAS,LECHUGA ESCAROLA,CUARTILLA
VERDURAS,LECHUGA MIX,BOLSA
VERDURAS,LECHUGA ROMANA,UNIDAD
VERDURAS,LECHUGA SEÑORITA,BOLSA
VERDURAS,LOCOTO,UNIDAD
VERDURAS,LOCOTO,BS
VERDURAS,LOCOTO,LIBRA
VERDURAS,LOCOTO,KG
VERDURAS,LOCOTO,CUARTILLA
VERDURAS,LOCOTO,ARROBA
VERDURAS,LOCOTO ROJO-VERDE,UNIDAD
VERDURAS,LOCOTO ROJO-VERDE,BS
VERDURAS,LOCOTO ROJO-VERDE,LIBRA
VERDURAS,LOCOTO ROJO-VERDE,KG
VERDURAS,LOCOTO ROJO-VERDE,CUARTILLA
VERDURAS,LOCOTO ROJO-VERDE,ARROBA
VERDURAS,LOCOTO ROJO,UNIDAD
VERDURAS,LOCOTO ROJO,BS
VERDURAS,LOCOTO ROJO,LIBRA
VERDURAS,LOCOTO ROJO,KG
VERDURAS,LOCOTO ROJO,CUARTILLA
VERDURAS,LOCOT VERDE GRANDE,LIBRA
VERDURAS,LOCOT VERDE GRANDE,KG
VERDURAS,LOCOT VERDE GRANDE,CUARTILLA
VERDURAS,LOCOT VERDE GRANDE,ARROBA
VERDURAS,LOCOTO ESCABECHE,LIBRA
VERDURAS,LOCOTO ESCABECHE,KG
VERDURAS,LOCOTO ESCABECHE,CUARTILLA
VERDURAS,LOCOTO ESCABECHE,ARROBA
VERDURAS,NABO,BS
VERDURAS,NABO,CUARTILLA
VERDURAS,NABO,ARROBA
VERDURAS,PAPA HOLANDESA MEDIANA,KG
VERDURAS,PAPA HOLANDESA MEDIANA,CUARTILLA
VERDURAS,PAPA HOLANDESA MEDIANA,ARROBA
VERDURAS,PAPA HOLANDESA MEDIANA,CARGA
VERDURAS,PAPA HOLANDESA GRANDE,KG
VERDURAS,PAPA HOLANDESA GRANDE,CUARTILLA
VERDURAS,PAPA HOLANDESA GRANDE,ARROBA
VERDURAS,PAPA HOLANDESA GRANDE,CARGA
VERDURAS,PAPA IMILLA MEDIANA,KG
VERDURAS,PAPA IMILLA MEDIANA,CUARTILLA
VERDURAS,PAPA IMILLA MEDIANA,ARROBA
VERDURAS,PAPA IMILLA MEDIANA,CARGA
VERDURAS,PAPA IMILLA GRANDE,KG
VERDURAS,PAPA IMILLA GRANDE,CUARTILLA
VERDURAS,PAPA IMILLA GRANDE,ARROBA
VERDURAS,PAPA IMILLA GRANDE,CARGA
VERDURAS,PAPIN,CUARTILLA
VERDURAS,PAPIN,ARROBA
VERDURAS,PAPA LISA,BS
VERDURAS,PAPA LISA,CUARTILLA
VERDURAS,PAPA LISA,ARROBA
VERDURAS,PEPINO ESCABECHE,UNIDAD
VERDURAS,PEPINO ESCABECHE,BS
VERDURAS,PEPINO ESCABECHE,CUARTILLA
VERDURAS,PEPINO ESCABECHE,ARROBA
VERDURAS,PEPINO,UNIDAD
VERDURAS,PEPINO,BS
VERDURAS,PEPINO,KG
VERDURAS,PEPINO,CUARTILLA
VERDURAS,PEPINO,ARROBA
VERDURAS,PEPINO CHINO,UNIDAD
VERDURAS,PEPINO CHINO,BS
VERDURAS,PEPINO CHINO,KG
VERDURAS,PEPINO CHINO,CUARTILLA
VERDURAS,PEPINO CHINO,ARROBA
VERDURAS,PEPINILLO,UNIDAD
VERDURAS,PEPINILLO,KG
VERDURAS,PEPINILLO,CUARTILLA
VERDURAS,PIMENTON ROJO,UNIDAD
VERDURAS,PIMENTON ROJO,KG
VERDURAS,PIMENTON ROJO,CUARTILLA
VERDURAS,PIMENTON ROJO,ARROBA
VERDURAS,PIMENTON AMARILLO,UNIDAD
VERDURAS,PIMENTON VERDE,UNIDAD
VERDURAS,PIMENTON VERDE,KG
VERDURAS,PIMENTON VERDE,CUARTILLA
VERDURAS,PIMENTON VERDE,ARROBA
VERDURAS,PIMENTON ROJO AMARILLO,KG
VERDURAS,PIMENTON ROJO AMARILLO,CUARTILLA
VERDURAS,PUERRO,CABEZA
VERDURAS,PUERRO,AMARRO
VERDURAS,RABANO,BS
VERDURAS,RABANO,AMARRO
VERDURAS,RABANO,CUARTILLA
VERDURAS,REMOLACHA,BS
VERDURAS,REMOLACHA,CUARTILLA
VERDURAS,REMOLACHA,ARROBA
VERDURAS,REPOLLO MORADO,UNIDAD
VERDURAS,REPOLLO VERDE,UNIDAD
VERDURAS,RÚCULA,BOLSA
VERDURAS,TOMATE,KG
VERDURAS,TOMATE,CUARTILLA
VERDURAS,TOMATE,ARROBA
VERDURAS,TOMATE,CAJA
VERDURAS,TOMATE SEMI PINTON,KG
VERDURAS,TOMATE SEMI PINTON,CUARTILLA
VERDURAS,TOMATE SEMI PINTON,ARROBA
VERDURAS,TOMATE SEMI PINTON,CAJA
VERDURAS,TOMATE PINTON,KG
VERDURAS,TOMATE PINTON,CUARTILLA
VERDURAS,TOMATE PINTON,ARROBA
VERDURAS,TOMATE PINTON,CAJA
VERDURAS,TOMATE ROJO SALSA,KG
VERDURAS,TOMATE ROJO SALSA,CUARTILLA
VERDURAS,TOMATE ROJO SALSA,ARROBA
VERDURAS,TOMATE ROJO SALSA,CAJA
VERDURAS,TOMATE CHERRY,KG
VERDURAS,TOMATE CHERRY,BANDEJA
VERDURAS,VAINITA ESCABECHE,BS
VERDURAS,VAINITA ESCABECHE,KG
VERDURAS,VAINITA ESCABECHE,LIBRA
VERDURAS,VAINITA ESCABECHE,CUARTILLA
VERDURAS,VAINITA ESCABECHE,ARROBA
VERDURAS,VAINITA,BS
VERDURAS,VAINITA,KG
VERDURAS,VAINITA,LIBRA
VERDURAS,VAINITA,CUARTILLA
VERDURAS,VAINITA,ARROBA
VERDURAS,YUCA,CUARTILLA
VERDURAS,YUCA,ARROBA
VERDURAS,ZANAHORIA,LIBRA
VERDURAS,ZANAHORIA,KG
VERDURAS,ZANAHORIA,CUARTILLA
VERDURAS,ZANAHORIA,ARROBA
VERDURAS,ZANAHORIA,CARGA
VERDURAS,ZANAHORIA XTRA GRANDE,LIBRA
VERDURAS,ZANAHORIA XTRA GRANDE,KG
VERDURAS,ZANAHORIA XTRA GRANDE,CUARTILLA
VERDURAS,ZANAHORIA XTRA GRANDE,ARROBA
VERDURAS,ZANAHORIA XTRA GRANDE,CARGA
VERDURAS,ZANAHORIA PEQUEÑA,LIBRA
VERDURAS,ZANAHORIA PEQUEÑA,KG
VERDURAS,ZANAHORIA PEQUEÑA,CUARTILLA
VERDURAS,ZANAHORIA PEQUEÑA,ARROBA
VERDURAS,ZANAHORIA ESCABECHE,LIBRA
VERDURAS,ZANAHORIA ESCABECHE,KG
VERDURAS,ZANAHORIA ESCABECHE,CUARTILLA
VERDURAS,ZANAHORIA ESCABECHE,ARROBA
VERDURAS,ZAPALLO,UNIDAD
VERDURAS,ZAPALLO,LIBRA
VERDURAS,ZAPALLO,KG
VERDURAS,ZUCCHINI,BS
VERDURAS,ZUCCHINI,UNIDAD
VERDURAS,ZUCCHINI,CUARTILLA
HIERBAS FRESCAS,ALBAHACA,BS
HIERBAS FRESCAS,ALBAHACA,BOLSA
HIERBAS FRESCAS,ALBAHACA,AMARRO
HIERBAS FRESCAS,APIO,BS
HIERBAS FRESCAS,APIO,BOLSA
HIERBAS FRESCAS,APIO,AMARRO
HIERBAS FRESCAS,APIO SOPA,BS
HIERBAS FRESCAS,APIO SOPA,AMARRO
HIERBAS FRESCAS,CEDRÓN FRESCO,BS
HIERBAS FRESCAS,CEBOLLIN GRUESO,BS
HIERBAS FRESCAS,CEBOLLIN GRUESO,AMARRO
HIERBAS FRESCAS,CIBULET,BS
HIERBAS FRESCAS,CIBULET,AMARRO
HIERBAS FRESCAS,CILANTRO,BS
HIERBAS FRESCAS,CILANTRO,AMARRO
HIERBAS FRESCAS,HIERBA BUENA,BS
HIERBAS FRESCAS,HIERBA BUENA,AMARRO
HIERBAS FRESCAS,MANZANILLA,BS
HIERBAS FRESCAS,MANZANILLA,AMARRO
HIERBAS FRESCAS,MENTA,BS
HIERBAS FRESCAS,MENTA,AMARRO
HIERBAS FRESCAS,PEREJIL,BS
HIERBAS FRESCAS,PEREJIL,AMARRO
HIERBAS FRESCAS,QUIRQUIÑA,BS
HIERBAS FRESCAS,QUIRQUIÑA,AMARRO
HIERBAS FRESCAS,ROMERO FRESCO,BS
HIERBAS FRESCAS,ROMERO FRESCO,AMARRO
HIERBAS FRESCAS,SUICO/HUACATAYA,BS
HIERBAS FRESCAS,SUICO/HUACATAYA,AMARRO
CARNES Y AVES,MOLLEJA (POLLO),KG
CARNES Y AVES,HIGADO DE POLLO,KG
CARNES Y AVES,FILETE SIN HUESO (POLLO),KG
CARNES Y AVES,FILETE CON HUESO (POLLO),KG
CARNES Y AVES,PIERNA MUSLO (POLLO),KG
CARNES Y AVES,PIERNA (POLLO),KG
CARNES Y AVES,MUSLO (POLLO),KG
CARNES Y AVES,ALITA (POLLO),KG
CARNES Y AVES,JAMÓN SANDWICHERO,KG
CARNES Y AVES,TOCINO AHUMADO,PAQUETE
LÁCTEOS Y HUEVOS,QUESO RÍO GRANDE,KG
LÁCTEOS Y HUEVOS,QUESO CHEDDAR KOSLAV,PAQUETE
LÁCTEOS Y HUEVOS,QUESILLO,UNIDAD
LÁCTEOS Y HUEVOS,LECHE DESLACTOSADA,BOLSA
LÁCTEOS Y HUEVOS,CREMA LECHE AZUL 1 L,BOLSA
LÁCTEOS Y HUEVOS,YOGUR GRIEGO,BOLSA
LÁCTEOS Y HUEVOS,LECHE EVAPORADA CJA 1L,UNIDAD
LÁCTEOS Y HUEVOS,LECHE ENTERA PIL,BOLSA
LÁCTEOS Y HUEVOS,MANTEQUILLA A GRANEL SIN SAL,LIBRA
LÁCTEOS Y HUEVOS,MANTEQUILLA A GRANEL SIN SAL,KG
LÁCTEOS Y HUEVOS,MANTQUILLA SIN SAL 600g,UNIDAD
LÁCTEOS Y HUEVOS,LECHE CONDENSADA NESTLE,LATA
LÁCTEOS Y HUEVOS,HUEVO,MAPLE
LÁCTEOS Y HUEVOS,OVOPLUS CLARA,LITRO
ABARROTES (GRANOS, AZÚCAR Y FRUTOS SECOS),ARROZ PARTIDO,CUARTILLA
ABARROTES (GRANOS, AZÚCAR Y FRUTOS SECOS),ARROZ PARTIDO,ARROBA
ABARROTES (GRANOS, AZÚCAR Y FRUTOS SECOS),ARROZ PARTIDO,QUINTAL
ABARROTES (GRANOS, AZÚCAR Y FRUTOS SECOS),ARROCILLO,CUARTILLA
ABARROTES (GRANOS, AZÚCAR Y FRUTOS SECOS),ARROCILLO,ARROBA
ABARROTES (GRANOS, AZÚCAR Y FRUTOS SECOS),ARROCILLO,QUINTAL
ABARROTES (GRANOS, AZÚCAR Y FRUTOS SECOS),ARROZ 1RA GRANO ORO,CUARTILLA
ABARROTES (GRANOS, AZÚCAR Y FRUTOS SECOS),ARROZ 1RA GRANO ORO,ARROBA
ABARROTES (GRANOS, AZÚCAR Y FRUTOS SECOS),ARROZ 1RA GRANO ORO,QUINTAL
ABARROTES (GRANOS, AZÚCAR Y FRUTOS SECOS),ARROZ 2DA GRANO ORO,CUARTILLA
ABARROTES (GRANOS, AZÚCAR Y FRUTOS SECOS),ARROZ 2DA GRANO ORO,ARROBA
ABARROTES (GRANOS, AZÚCAR Y FRUTOS SECOS),ARROZ 2DA GRANO ORO,QUINTAL
ABARROTES (GRANOS, AZÚCAR Y FRUTOS SECOS),ARROZ ECONÓMICO,CUARTILLA
ABARROTES (GRANOS, AZÚCAR Y FRUTOS SECOS),ARROZ ECONÓMICO,ARROBA
ABARROTES (GRANOS, AZÚCAR Y FRUTOS SECOS),ARROZ ECONÓMICO,QUINTAL
ABARROTES (GRANOS, AZÚCAR Y FRUTOS SECOS),AVENA HOJUELAS,LIBRA
ABARROTES (GRANOS, AZÚCAR Y FRUTOS SECOS),AVENA HOJUELAS,KG
ABARROTES (GRANOS, AZÚCAR Y FRUTOS SECOS),AVENA HOJUELAS,CUARTILLA
ABARROTES (GRANOS, AZÚCAR Y FRUTOS SECOS),AVENA INSTANTÁNEA,LIBRA
ABARROTES (GRANOS, AZÚCAR Y FRUTOS SECOS),AVENA INSTANTÁNEA,KG
ABARROTES (GRANOS, AZÚCAR Y FRUTOS SECOS),AVENA INSTANTÁNEA,CUARTILLA
ABARROTES (GRANOS, AZÚCAR Y FRUTOS SECOS),AZÚCAR MORENA,KG
ABARROTES (GRANOS, AZÚCAR Y FRUTOS SECOS),AZÚCAR MORENA,CUARTILLA
ABARROTES (GRANOS, AZÚCAR Y FRUTOS SECOS),AZÚCAR MORENA,ARROBA
ABARROTES (GRANOS, AZÚCAR Y FRUTOS SECOS),AZÚCAR MORENA,QUINTAL
ABARROTES (GRANOS, AZÚCAR Y FRUTOS SECOS),AZÚCAR BLANCA,KG
ABARROTES (GRANOS, AZÚCAR Y FRUTOS SECOS),AZÚCAR BLANCA,CUARTILLA
ABARROTES (GRANOS, AZÚCAR Y FRUTOS SECOS),AZÚCAR BLANCA,ARROBA
ABARROTES (GRANOS, AZÚCAR Y FRUTOS SECOS),AZÚCAR BLANCA,QUINTAL
ABARROTES (GRANOS, AZÚCAR Y FRUTOS SECOS),CHIA,LIBRA
ABARROTES (GRANOS, AZÚCAR Y FRUTOS SECOS),CHIA,KG
ABARROTES (GRANOS, AZÚCAR Y FRUTOS SECOS),CHIA,CUARTILLA
ABARROTES (GRANOS, AZÚCAR Y FRUTOS SECOS),CHICHA MORADA (Para preparar),LIBRA
ABARROTES (GRANOS, AZÚCAR Y FRUTOS SECOS),CHICHA MORADA (Para preparar),KG
ABARROTES (GRANOS, AZÚCAR Y FRUTOS SECOS),CHUÑO REMOJADO MACHUCADO,LIBRA
ABARROTES (GRANOS, AZÚCAR Y FRUTOS SECOS),CHUÑO REMOJADO MACHUCADO,KG
ABARROTES (GRANOS, AZÚCAR Y FRUTOS SECOS),CHUÑO REMOJADO MACHUCADO,CUARTILLA
ABARROTES (GRANOS, AZÚCAR Y FRUTOS SECOS),CHUÑO SOPA,LIBRA
ABARROTES (GRANOS, AZÚCAR Y FRUTOS SECOS),CHUÑO SOPA,KG
ABARROTES (GRANOS, AZÚCAR Y FRUTOS SECOS),CHUÑO SOPA,CUARTILLA
ABARROTES (GRANOS, AZÚCAR Y FRUTOS SECOS),CHUÑO (IMILLA) PARTIDO OSCURO,LIBRA
ABARROTES (GRANOS, AZÚCAR Y FRUTOS SECOS),CHUÑO (IMILLA) PARTIDO OSCURO,KG
ABARROTES (GRANOS, AZÚCAR Y FRUTOS SECOS),CHUÑO (IMILLA) PARTIDO OSCURO,CUARTILLA
ABARROTES (GRANOS, AZÚCAR Y FRUTOS SECOS),CHUSPILLO,LIBRA
ABARROTES (GRANOS, AZÚCAR Y FRUTOS SECOS),CHUSPILLO,KG
ABARROTES (GRANOS, AZÚCAR Y FRUTOS SECOS),CHUSPILLO,CUARTILLA
ABARROTES (GRANOS, AZÚCAR Y FRUTOS SECOS),CHUSPILLO,ARROBA
ABARROTES (GRANOS, AZÚCAR Y FRUTOS SECOS),GARBANZO,LIBRA
ABARROTES (GRANOS, AZÚCAR Y FRUTOS SECOS),GARBANZO,KG
ABARROTES (GRANOS, AZÚCAR Y FRUTOS SECOS),GARBANZO,CUARTILLA
ABARROTES (GRANOS, AZÚCAR Y FRUTOS SECOS),HARINA (COMÚN),LIBRA
ABARROTES (GRANOS, AZÚCAR Y FRUTOS SECOS),HARINA (COMÚN),KG
ABARROTES (GRANOS, AZÚCAR Y FRUTOS SECOS),HARINA (COMÚN),CUARTILLA
ABARROTES (GRANOS, AZÚCAR Y FRUTOS SECOS),HARINA (COMÚN),ARROBA
ABARROTES (GRANOS, AZÚCAR Y FRUTOS SECOS),HARINA VICTORIA,QUINTAL
ABARROTES (GRANOS, AZÚCAR Y FRUTOS SECOS),HARRY LIMONERO,PAQUETE
ABARROTES (GRANOS, AZÚCAR Y FRUTOS SECOS),LENTEJA,LIBRA
ABARROTES (GRANOS, AZÚCAR Y FRUTOS SECOS),LENTEJA,KG
ABARROTES (GRANOS, AZÚCAR Y FRUTOS SECOS),LENTEJA,CUARTILLA
ABARROTES (GRANOS, AZÚCAR Y FRUTOS SECOS),LINAZA,LIBRA
ABARROTES (GRANOS, AZÚCAR Y FRUTOS SECOS),LINAZA,KG
ABARROTES (GRANOS, AZÚCAR Y FRUTOS SECOS),MAÍZ BLANCO TUJURÉ,LIBRA
ABARROTES (GRANOS, AZÚCAR Y FRUTOS SECOS),MAÍZ BLANCO TUJURÉ,KG
ABARROTES (GRANOS, AZÚCAR Y FRUTOS SECOS),MOCOCHINCHI (Para preparar),LIBRA
ABARROTES (GRANOS, AZÚCAR Y FRUTOS SECOS),MOCOCHINCHI (Para preparar),KG
ABARROTES (GRANOS, AZÚCAR Y FRUTOS SECOS),MOCOCHINCHI (Para preparar),CUARTILLA
ABARROTES (GRANOS, AZÚCAR Y FRUTOS SECOS),MOCOCHINCHI (Para preparar),ARROBA
ABARROTES (GRANOS, AZÚCAR Y FRUTOS SECOS),MOTE CHOCLO,LIBRA
ABARROTES (GRANOS, AZÚCAR Y FRUTOS SECOS),MOTE CHOCLO,KG
ABARROTES (GRANOS, AZÚCAR Y FRUTOS SECOS),MOTE CHOCLO,CUARTILLA
ABARROTES (GRANOS, AZÚCAR Y FRUTOS SECOS),MANÍ,LIBRA
ABARROTES (GRANOS, AZÚCAR Y FRUTOS SECOS),MANÍ,KG
ABARROTES (GRANOS, AZÚCAR Y FRUTOS SECOS),MANÍ,CUARTILLA
ABARROTES (GRANOS, AZÚCAR Y FRUTOS SECOS),MANÍ,ARROBA
ABARROTES (GRANOS, AZÚCAR Y FRUTOS SECOS),MANÍ PARTIDO,LIBRA
ABARROTES (GRANOS, AZÚCAR Y FRUTOS SECOS),MANÍ PARTIDO,KG
ABARROTES (GRANOS, AZÚCAR Y FRUTOS SECOS),MANÍ PARTIDO,CUARTILLA
ABARROTES (GRANOS, AZÚCAR Y FRUTOS SECOS),MANÍ PARTIDO,ARROBA
ABARROTES (GRANOS, AZÚCAR Y FRUTOS SECOS),POROTO BLANCO,LIBRA
ABARROTES (GRANOS, AZÚCAR Y FRUTOS SECOS),POROTO BLANCO,KG
ABARROTES (GRANOS, AZÚCAR Y FRUTOS SECOS),POROTO BLANCO,CUARTILLA
ABARROTES (GRANOS, AZÚCAR Y FRUTOS SECOS),POROTO NEGRO,LIBRA
ABARROTES (GRANOS, AZÚCAR Y FRUTOS SECOS),POROTO NEGRO,KG
ABARROTES (GRANOS, AZÚCAR Y FRUTOS SECOS),POROTO NEGRO,CUARTILLA
ABARROTES (GRANOS, AZÚCAR Y FRUTOS SECOS),QUINUA,LIBRA
ABARROTES (GRANOS, AZÚCAR Y FRUTOS SECOS),QUINUA,KG
ABARROTES (GRANOS, AZÚCAR Y FRUTOS SECOS),QUINUA,CUARTILLA
ABARROTES (GRANOS, AZÚCAR Y FRUTOS SECOS),SAL 1 KG,UNIDAD
ABARROTES (GRANOS, AZÚCAR Y FRUTOS SECOS),SÉSAMO/AJONJOLÍ,LIBRA
ABARROTES (GRANOS, AZÚCAR Y FRUTOS SECOS),SÉSAMO/AJONJOLÍ,KG
ABARROTES (GRANOS, AZÚCAR Y FRUTOS SECOS),SÉSAMO/AJONJOLÍ,CUARTILLA
ABARROTES (GRANOS, AZÚCAR Y FRUTOS SECOS),SULTANA,BS
ABARROTES (GRANOS, AZÚCAR Y FRUTOS SECOS),SULTANA,LIBRA
ABARROTES (GRANOS, AZÚCAR Y FRUTOS SECOS),TOSTADA,LIBRA
ABARROTES (GRANOS, AZÚCAR Y FRUTOS SECOS),TOSTADA,KG
ABARROTES (GRANOS, AZÚCAR Y FRUTOS SECOS),TOSTADA,CUARTILLA
ABARROTES (GRANOS, AZÚCAR Y FRUTOS SECOS),TRIGO ENTERO,LIBRA
ABARROTES (GRANOS, AZÚCAR Y FRUTOS SECOS),TRIGO ENTERO,KG
ABARROTES (GRANOS, AZÚCAR Y FRUTOS SECOS),TRIGO ENTERO,CUARTILLA
ABARROTES (GRANOS, AZÚCAR Y FRUTOS SECOS),TRIGO CHAQUE,LIBRA
ABARROTES (GRANOS, AZÚCAR Y FRUTOS SECOS),TRIGO CHAQUE,KG
ABARROTES (GRANOS, AZÚCAR Y FRUTOS SECOS),TRIGO CHAQUE,CUARTILLA
ABARROTES (GRANOS, AZÚCAR Y FRUTOS SECOS),TRIGO MOLIDO,LIBRA
ABARROTES (GRANOS, AZÚCAR Y FRUTOS SECOS),TRIGO MOLIDO,KG
ABARROTES (GRANOS, AZÚCAR Y FRUTOS SECOS),TRIGO MOLIDO,CUARTILLA
ABARROTES (GRANOS, AZÚCAR Y FRUTOS SECOS),CIRUELA PASA,BS
ABARROTES (GRANOS, AZÚCAR Y FRUTOS SECOS),CIRUELA PASA,LIBRA
ABARROTES (GRANOS, AZÚCAR Y FRUTOS SECOS),KACHA MEMBRILLO,CUARTILLA
ABARROTES (GRANOS, AZÚCAR Y FRUTOS SECOS),PASA DE UVA,LIBRA
ABARROTES (GRANOS, AZÚCAR Y FRUTOS SECOS),PASA DE UVA,KG
PASTAS Y CEREALES SECOS,FIDEO LASAÑA,CAJA
PASTAS Y CEREALES SECOS,FIDEO LETRAS,LIBRA
PASTAS Y CEREALES SECOS,FIDEO LETRAS,KG
PASTAS Y CEREALES SECOS,FIDEO LETRAS,CUARTILLA
PASTAS Y CEREALES SECOS,FIDEO LINGUINI LAZZARONI 10KG,PAQUETE
PASTAS Y CEREALES SECOS,FIDEO CABELLO ANGEL,LIBRA
PASTAS Y CEREALES SECOS,FIDEO CABELLO ANGEL,KG
PASTAS Y CEREALES SECOS,FIDEO CABELLO ANGEL,CUARTILLA
PASTAS Y CEREALES SECOS,FIDEO SPAGUETTI LAZZARONI 10 KG,PAQUETE
PASTAS Y CEREALES SECOS,FIDEO TALLARIN PLANO LAZZARONI,PAQUETE
PASTAS Y CEREALES SECOS,FIDEO ROSCA,LIBRA
PASTAS Y CEREALES SECOS,FIDEO ROSCA,KG
PASTAS Y CEREALES SECOS,FIDEO ROSCA,CUARTILLA
PASTAS Y CEREALES SECOS,FIDEO MACARRON,LIBRA
PASTAS Y CEREALES SECOS,FIDEO MACARRON,KG
PASTAS Y CEREALES SECOS,FIDEO MACARRON,CUARTILLA
PASTAS Y CEREALES SECOS,FIDEO MEDIANO,LIBRA
PASTAS Y CEREALES SECOS,FIDEO MEDIANO,KG
PASTAS Y CEREALES SECOS,FIDEO MEDIANO,CUARTILLA
PASTAS Y CEREALES SECOS,FIDEO MACARON PEQUEÑO,LIBRA
PASTAS Y CEREALES SECOS,FIDEO MACARON PEQUEÑO,KG
PASTAS Y CEREALES SECOS,FIDEO MACARON PEQUEÑO,CUARTILLA
PASTAS Y CEREALES SECOS,FIDEO MANGA DE FRAILE,LIBRA
PASTAS Y CEREALES SECOS,FIDEO MANGA DE FRAILE,KG
PASTAS Y CEREALES SECOS,FIDEO MANGA DE FRAILE,CUARTILLA
PASTAS Y CEREALES SECOS,FIDEO MANGA DE FRAILE,BOLSA
"PASTAS Y CEREALES SECOS,""FIDEO RIGATONI """"DON VICTORIO"""""",BOLSA"
PASTAS Y CEREALES SECOS,FIDEO CODITOS,LIBRA
PASTAS Y CEREALES SECOS,FIDEO CODITOS,KG
PASTAS Y CEREALES SECOS,FIDEO CODITOS,CUARTILLA
PASTAS Y CEREALES SECOS,FIDEO LAZZARONI SURTIDO,PAQUETE
PASTAS Y CEREALES SECOS,FIDEO #88 TAGLIATELLA ANITA,PAQUETE
PASTAS Y CEREALES SECOS,MAICENA,LIBRA
PASTAS Y CEREALES SECOS,MAICENA,KG
PASTAS Y CEREALES SECOS,MAICENA,CUARTILLA
PASTAS Y CEREALES SECOS,MAICENA,ARROBA
CONDIMENTOS, ESPECIES Y ADITIVOS,AJI VAINA ROJO PERUANO,LIBRA
CONDIMENTOS, ESPECIES Y ADITIVOS,AJI VAINA ROJO PERUANO,CUARTILLA
CONDIMENTOS, ESPECIES Y ADITIVOS,AJI VAINA ROJO,LIBRA
CONDIMENTOS, ESPECIES Y ADITIVOS,AJI VAINA ROJO,CUARTILLA
CONDIMENTOS, ESPECIES Y ADITIVOS,AJI VAINA AMARILLO PERUANO,LIBRA
CONDIMENTOS, ESPECIES Y ADITIVOS,AJI VAINA AMARILLO PERUANO,CUARTILLA
CONDIMENTOS, ESPECIES Y ADITIVOS,AJI VAINA AMARILLO,LIBRA
CONDIMENTOS, ESPECIES Y ADITIVOS,AJI VAINA AMARILLO,CUARTILLA
"CONDIMENTOS, ESPECIES Y ADITIVOS,""AJI """"PANQUITA"""" SIN PICANTE"",PAQUETE"
CONDIMENTOS, ESPECIES Y ADITIVOS,AJI COLORANTE ROJO,LIBRA
CONDIMENTOS, ESPECIES Y ADITIVOS,AJI COLORANTE AMARILLO,BS
CONDIMENTOS, ESPECIES Y ADITIVOS,AJI COLORANTE AMARILLO,LIBRA
CONDIMENTOS, ESPECIES Y ADITIVOS,AJINOMOTO,LIBRA
CONDIMENTOS, ESPECIES Y ADITIVOS,AJINOMOTO,KG
CONDIMENTOS, ESPECIES Y ADITIVOS,AJINOMOTO (MEJORA ARROZ),LIBRA
CONDIMENTOS, ESPECIES Y ADITIVOS,AJINOMOTO (MEJORA ARROZ),KG
CONDIMENTOS, ESPECIES Y ADITIVOS,AJO EN POLVO,LIBRA
CONDIMENTOS, ESPECIES Y ADITIVOS,AJO EN POLVO,KG
CONDIMENTOS, ESPECIES Y ADITIVOS,ANÍS,BS
CONDIMENTOS, ESPECIES Y ADITIVOS,ANÍS,LIBRA
CONDIMENTOS, ESPECIES Y ADITIVOS,CANELA RAMA,BS
CONDIMENTOS, ESPECIES Y ADITIVOS,CANELA RAMA,LIBRA
CONDIMENTOS, ESPECIES Y ADITIVOS,CANELA RAMA,ONZA
CONDIMENTOS, ESPECIES Y ADITIVOS,CEBOLLA EN POLVO,LIBRA
CONDIMENTOS, ESPECIES Y ADITIVOS,CEBOLLA EN POLVO,KG
CONDIMENTOS, ESPECIES Y ADITIVOS,CHILY EN POLVO,LIBRA
CONDIMENTOS, ESPECIES Y ADITIVOS,CHILY EN POLVO,KG
CONDIMENTOS, ESPECIES Y ADITIVOS,CLAVO DE OLOR,BS
CONDIMENTOS, ESPECIES Y ADITIVOS,CLAVO DE OLOR,LIBRA
CONDIMENTOS, ESPECIES Y ADITIVOS,CURRY,LIBRA
CONDIMENTOS, ESPECIES Y ADITIVOS,CURRY,KG
CONDIMENTOS, ESPECIES Y ADITIVOS,COMINO MOLIDO,LIBRA
CONDIMENTOS, ESPECIES Y ADITIVOS,COMINO MOLIDO,KG
CONDIMENTOS, ESPECIES Y ADITIVOS,CÚRCUMA,LIBRA
CONDIMENTOS, ESPECIES Y ADITIVOS,CÚRCUMA,KG
CONDIMENTOS, ESPECIES Y ADITIVOS,CUBITO MAGUI POLLO,PAQUETE
CONDIMENTOS, ESPECIES Y ADITIVOS,CUBITO MAGUI CARNE,PAQUETE
CONDIMENTOS, ESPECIES Y ADITIVOS,CUBITO MAGUI COSTILLA,PAQUETE
CONDIMENTOS, ESPECIES Y ADITIVOS,DÑA GUSTA POLLO,PAQUETE
CONDIMENTOS, ESPECIES Y ADITIVOS,DÑA GUSTA CARNE,PAQUETE
CONDIMENTOS, ESPECIES Y ADITIVOS,DÑA GUSTA COSTILLA,PAQUETE
CONDIMENTOS, ESPECIES Y ADITIVOS,DÑA GUSTA PESCADO,PAQUETE
CONDIMENTOS, ESPECIES Y ADITIVOS,JENGIBRE EN POLVO,SOBRE
CONDIMENTOS, ESPECIES Y ADITIVOS,JENGIBRE EN POLVO,LIBRA
CONDIMENTOS, ESPECIES Y ADITIVOS,JENGIBRE EN POLVO,KG
CONDIMENTOS, ESPECIES Y ADITIVOS,LAUREL,BS
CONDIMENTOS, ESPECIES Y ADITIVOS,LAUREL,LIBRA
CONDIMENTOS, ESPECIES Y ADITIVOS,LAWA CHOCLO,LIBRA
CONDIMENTOS, ESPECIES Y ADITIVOS,LAWA CHOCLO,KG
CONDIMENTOS, ESPECIES Y ADITIVOS,LAWA JANKAQIPA,LIBRA
CONDIMENTOS, ESPECIES Y ADITIVOS,LAWA JANKAQIPA,KG
CONDIMENTOS, ESPECIES Y ADITIVOS,LAWA TRIGO,LIBRA
CONDIMENTOS, ESPECIES Y ADITIVOS,LAWA TRIGO,KG
CONDIMENTOS, ESPECIES Y ADITIVOS,NUEZ MOSCADA ENTERA,LIBRA
CONDIMENTOS, ESPECIES Y ADITIVOS,NUEZ MOSCADA POLVO,BS
CONDIMENTOS, ESPECIES Y ADITIVOS,NUEZ MOSCADA POLVO,LIBRA
CONDIMENTOS, ESPECIES Y ADITIVOS,ORÉGANO,LIBRA
CONDIMENTOS, ESPECIES Y ADITIVOS,ORÉGANO,KG
CONDIMENTOS, ESPECIES Y ADITIVOS,ORÉGANO,CUARTILLA
CONDIMENTOS, ESPECIES Y ADITIVOS,ORÉGANO POLVO,LIBRA
CONDIMENTOS, ESPECIES Y ADITIVOS,ORÉGANO POLVO,KG
CONDIMENTOS, ESPECIES Y ADITIVOS,ORÉGANO POLVO,CUARTILLA
CONDIMENTOS, ESPECIES Y ADITIVOS,PAPRIKA,LIBRA
CONDIMENTOS, ESPECIES Y ADITIVOS,PAPRIKA,KG
CONDIMENTOS, ESPECIES Y ADITIVOS,PIMIENTA NEGRA MOLIDA,LIBRA
CONDIMENTOS, ESPECIES Y ADITIVOS,PIMIENTA NEGRA MOLIDA,KG
CONDIMENTOS, ESPECIES Y ADITIVOS,PIMIENTA NEGRA GRANO,LIBRA
CONDIMENTOS, ESPECIES Y ADITIVOS,PIMIENTA NEGRA GRANO,KG
CONDIMENTOS, ESPECIES Y ADITIVOS,PIMIENTA DULCE GRANO,LIBRA
CONDIMENTOS, ESPECIES Y ADITIVOS,PIMIENTA DULCE GRANO,KG
CONDIMENTOS, ESPECIES Y ADITIVOS,PIMIENTA DULCE MOLIDA,LIBRA
CONDIMENTOS, ESPECIES Y ADITIVOS,PIMIENTA DULCE MOLIDA,KG
CONDIMENTOS, ESPECIES Y ADITIVOS,SIBARITA AJI COLORADO,SOBRE
CONDIMENTOS, ESPECIES Y ADITIVOS,SIBARITA AJI COLORADO,CAJA
CONDIMENTOS, ESPECIES Y ADITIVOS,SIBARITA AJI AMARILLO,SOBRE
CONDIMENTOS, ESPECIES Y ADITIVOS,SIBARITA AJI AMARILLO,CAJA
CONDIMENTOS, ESPECIES Y ADITIVOS,POLVO PARA HORNEAR 1KG,UNIDAD
CONDIMENTOS, ESPECIES Y ADITIVOS,LEVADURA SECA KRIS SACHET 25 GR.,CAJA
CONSERVAS, SALSAS Y ACEITES,ACEITUNA NEGRA,LIBRA
CONSERVAS, SALSAS Y ACEITES,ACEITUNA NEGRA,KG
CONSERVAS, SALSAS Y ACEITES,ACEITUNA VERDE,LIBRA
CONSERVAS, SALSAS Y ACEITES,ACEITUNA VERDE,KG
CONSERVAS, SALSAS Y ACEITES,ACEITE,LITRO
CONSERVAS, SALSAS Y ACEITES,ACEITE OLIVA BORGES 1L,UNIDAD
CONSERVAS, SALSAS Y ACEITES,CAJAMAR SACHET (Extracto de Tomate),CAJA
CONSERVAS, SALSAS Y ACEITES,CHOCLO LATA GRANDE,UNIDAD
CONSERVAS, SALSAS Y ACEITES,CHOCLO COCIDO,LIBRA
CONSERVAS, SALSAS Y ACEITES,CHOCLO COCIDO,KG
CONSERVAS, SALSAS Y ACEITES,CHAMPIÑON LATA,UNIDAD
CONSERVAS, SALSAS Y ACEITES,KETCHUP SACHET,CAJA
CONSERVAS, SALSAS Y ACEITES,KETCHUP BOTE,UNIDAD
CONSERVAS, SALSAS Y ACEITES,MAYONESA SACHET,PAQUETE
CONSERVAS, SALSAS Y ACEITES,MAYONESA KRIS 3600cc,UNIDAD
CONSERVAS, SALSAS Y ACEITES,MAYONESA REAL BOTE,UNIDAD
CONSERVAS, SALSAS Y ACEITES,MOSTAZA SACHET,CAJA
CONSERVAS, SALSAS Y ACEITES,MOSTAZA 5 KG,UNIDAD
CONSERVAS, SALSAS Y ACEITES,MOSTAZA GRANDE BOTE,UNIDAD
CONSERVAS, SALSAS Y ACEITES,MIEL BOTE PEQUEÑO,UNIDAD
CONSERVAS, SALSAS Y ACEITES,CREMA DE ESPÁRRAGOS,CAJA
"CONSERVAS, SALSAS Y ACEITES,""AGUA CON GAS """"VISCACHANI"""""",BOTELLA"
CONSERVAS, SALSAS Y ACEITES,LECHE DE COCO 400 ML,UNIDAD
CONSERVAS, SALSAS Y ACEITES,GELATINA,PAQUETE
CONSERVAS, SALSAS Y ACEITES,CHERRY AL JUGO 1KG,FRASCO
CONSERVAS, SALSAS Y ACEITES,GALLETAS DE LECHE LA FRANCESA,PAQUETE
CONSERVAS, SALSAS Y ACEITES,SALSA SOYA 5L,UNIDAD
CONSERVAS, SALSAS Y ACEITES,VINAGRE MANZANA 5L,UNIDAD
CONSERVAS, SALSAS Y ACEITES,VINAGRE TINTO 5L,UNIDAD
CONSERVAS, SALSAS Y ACEITES,VINAGRE BLANCO 5L,UNIDAD
CONSERVAS, SALSAS Y ACEITES,DURAZNO EN LATA,UNIDAD
LIMPIEZA, PLÁSTICOS Y MENAJE,ALCOHOL 5LITROS,UNIDAD
LIMPIEZA, PLÁSTICOS Y MENAJE,ESPONJA,PAQUETE
LIMPIEZA, PLÁSTICOS Y MENAJE,ESPONJA,JABA
LIMPIEZA, PLÁSTICOS Y MENAJE,ESTROPAJO,PAQUETE
LIMPIEZA, PLÁSTICOS Y MENAJE,DETERGENTE PATITO 5 KG,UNIDAD
LIMPIEZA, PLÁSTICOS Y MENAJE,PAPEL TOALLA PERLITA,PAQUETE
LIMPIEZA, PLÁSTICOS Y MENAJE,PAPEL TOALLA PERLITA,JABA
LIMPIEZA, PLÁSTICOS Y MENAJE,VIRTURILLA,UNIDAD
LIMPIEZA, PLÁSTICOS Y MENAJE,VIRTURILLA,PAQUETE
LIMPIEZA, PLÁSTICOS Y MENAJE,BOMBRIL DURO GRUESO,UNIDAD
LIMPIEZA, PLÁSTICOS Y MENAJE,BOMBRIL DURO GRUESO,PAQUETE
LIMPIEZA, PLÁSTICOS Y MENAJE,GUANTE NARANJA TALLA M,CAJA
LIMPIEZA, PLÁSTICOS Y MENAJE,LAVAVAJILLA PULPÍN,LITRO
LIMPIEZA, PLÁSTICOS Y MENAJE,DETERGENTE POLVO TODO BRILLO 10 KG,UNIDAD
LIMPIEZA, PLÁSTICOS Y MENAJE,GUANTE NARANJA TALLA L,CAJA
LIMPIEZA, PLÁSTICOS Y MENAJE,FÓSFORO,PAQUETE
LIMPIEZA, PLÁSTICOS Y MENAJE,VASOS DESECHABLES 250 ML,PAQUETE
LIMPIEZA, PLÁSTICOS Y MENAJE,VASOS 120 ABO,PAQUETE
LIMPIEZA, PLÁSTICOS Y MENAJE,PALITOS BROCHETA,PAQUETE
LIMPIEZA, PLÁSTICOS Y MENAJE,MONDADIENTES,PAQUETE
LIMPIEZA, PLÁSTICOS Y MENAJE,PALITOS DE HELADO,PAQUETE
LIMPIEZA, PLÁSTICOS Y MENAJE,BOLSA BLANCA 27X48,PAQUETE
LIMPIEZA, PLÁSTICOS Y MENAJE,BOLSA BLANCA 27X48,JABA
LIMPIEZA, PLÁSTICOS Y MENAJE,BOLSA TRANSPARENTE 20X30,PAQUETE
LIMPIEZA, PLÁSTICOS Y MENAJE,BOLSA TRANSPARENTE 20X30,JABA
LIMPIEZA, PLÁSTICOS Y MENAJE,BOLSA TRANSPARENTE 16X25,PAQUETE
LIMPIEZA, PLÁSTICOS Y MENAJE,BOLSA TRANSPARENTE 16X25,JABA
LIMPIEZA, PLÁSTICOS Y MENAJE,BOLSA BLANCA 20X30 AGARRADOR,PAQUETE
LIMPIEZA, PLÁSTICOS Y MENAJE,BOLSA BLANCA 20X30 AGARRADOR,JABA
LIMPIEZA, PLÁSTICOS Y MENAJE,BOLSA BLANCA 35X65,PAQUETE
LIMPIEZA, PLÁSTICOS Y MENAJE,BOLSA BLANCA 35X65,JABA
LIMPIEZA, PLÁSTICOS Y MENAJE,BOLSA NEGRA 35X65,PAQUETE
LIMPIEZA, PLÁSTICOS Y MENAJE,BOLSA NEGRA 35X65,JABA
LIMPIEZA, PLÁSTICOS Y MENAJE,BOLSA NEGRA 60X90,PAQUETE
LIMPIEZA, PLÁSTICOS Y MENAJE,BOLSA NEGRA 60X90,JABA
LIMPIEZA, PLÁSTICOS Y MENAJE,CUCHARILLAS PEQUEÑA,PAQUETE
LIMPIEZA, PLÁSTICOS Y MENAJE,CUCHARILLAS PEQUEÑA,JABA
LIMPIEZA, PLÁSTICOS Y MENAJE,DESECHABLES 500 ML SOPA,PAQUETE
LIMPIEZA, PLÁSTICOS Y MENAJE,DESECHABLES 500 ML SOPA,JABA
LIMPIEZA, PLÁSTICOS Y MENAJE,DESECHABLES 1000 ML SOPA,PAQUETE
LIMPIEZA, PLÁSTICOS Y MENAJE,DESECHABLES 1000 ML SOPA,JABA
LIMPIEZA, PLÁSTICOS Y MENAJE,DESECHABLES #207 SEGUNDO,PAQUETE
LIMPIEZA, PLÁSTICOS Y MENAJE,DESECHABLES #207 SEGUNDO,JABA
LIMPIEZA, PLÁSTICOS Y MENAJE,LLAJUERO DE 50 ML,PAQUETE
LIMPIEZA, PLÁSTICOS Y MENAJE,LLAJUERO DE 50 ML,JABA
LIMPIEZA, PLÁSTICOS Y MENAJE,LLAJUERO DE 25 ML,PAQUETE
LIMPIEZA, PLÁSTICOS Y MENAJE,LLAJUERO DE 25 ML,JABA
LIMPIEZA, PLÁSTICOS Y MENAJE,PAPEL FILM ROLLO,UNIDAD
LIMPIEZA, PLÁSTICOS Y MENAJE,SERVILLETAS PREMIER,PAQUETE
LIMPIEZA, PLÁSTICOS Y MENAJE,SERVILLETAS PREMIER,JABA
LIMPIEZA, PLÁSTICOS Y MENAJE,BOMBILLA BLANCA POR UNIDAD,PAQUETE
LIMPIEZA, PLÁSTICOS Y MENAJE,BOMBILLA BLANCA POR UNIDAD,JABA
