"category","product","group","source_relations","safe_physical_relations","bs_relations","other_physical_relations","present_in_staging","reason"
"ABARROTES (GRANOS, AZÚCAR Y FRUTOS SECOS)","ARROCILLO","A","3","2","0","3","YES","Publicado con al menos una relación física universal segura; no tiene modalidad BS en el catálogo maestro."
"ABARROTES (GRANOS, AZÚCAR Y FRUTOS SECOS)","ARROZ 1RA GRANO ORO","A","3","2","0","3","YES","Publicado con al menos una relación física universal segura; no tiene modalidad BS en el catálogo maestro."
"ABARROTES (GRANOS, AZÚCAR Y FRUTOS SECOS)","ARROZ 2DA GRANO ORO","A","3","2","0","3","YES","Publicado con al menos una relación física universal segura; no tiene modalidad BS en el catálogo maestro."
"ABARROTES (GRANOS, AZÚCAR Y FRUTOS SECOS)","ARROZ ECONÓMICO","A","3","2","0","3","YES","Publicado con al menos una relación física universal segura; no tiene modalidad BS en el catálogo maestro."
"ABARROTES (GRANOS, AZÚCAR Y FRUTOS SECOS)","ARROZ PARTIDO","A","3","2","0","3","YES","Publicado con al menos una relación física universal segura; no tiene modalidad BS en el catálogo maestro."
"ABARROTES (GRANOS, AZÚCAR Y FRUTOS SECOS)","AVENA HOJUELAS","A","3","3","0","3","YES","Publicado con al menos una relación física universal segura; no tiene modalidad BS en el catálogo maestro."
"ABARROTES (GRANOS, AZÚCAR Y FRUTOS SECOS)","AVENA INSTANTÁNEA","A","3","3","0","3","YES","Publicado con al menos una relación física universal segura; no tiene modalidad BS en el catálogo maestro."
"ABARROTES (GRANOS, AZÚCAR Y FRUTOS SECOS)","AZÚCAR BLANCA","A","4","3","0","4","YES","Publicado con al menos una relación física universal segura; no tiene modalidad BS en el catálogo maestro."
"ABARROTES (GRANOS, AZÚCAR Y FRUTOS SECOS)","AZÚCAR MORENA","A","4","3","0","4","YES","Publicado con al menos una relación física universal segura; no tiene modalidad BS en el catálogo maestro."
"ABARROTES (GRANOS, AZÚCAR Y FRUTOS SECOS)","CHIA","A","3","3","0","3","YES","Publicado con al menos una relación física universal segura; no tiene modalidad BS en el catálogo maestro."
"ABARROTES (GRANOS, AZÚCAR Y FRUTOS SECOS)","CHICHA MORADA (PARA PREPARAR)","A","2","2","0","2","YES","Publicado con al menos una relación física universal segura; no tiene modalidad BS en el catálogo maestro."
"ABARROTES (GRANOS, AZÚCAR Y FRUTOS SECOS)","CHUÑO (IMILLA) PARTIDO OSCURO","A","3","3","0","3","YES","Publicado con al menos una relación física universal segura; no tiene modalidad BS en el catálogo maestro."
"ABARROTES (GRANOS, AZÚCAR Y FRUTOS SECOS)","CHUÑO REMOJADO MACHUCADO","A","3","3","0","3","YES","Publicado con al menos una relación física universal segura; no tiene modalidad BS en el catálogo maestro."
"ABARROTES (GRANOS, AZÚCAR Y FRUTOS SECOS)","CHUÑO SOPA","A","3","3","0","3","YES","Publicado con al menos una relación física universal segura; no tiene modalidad BS en el catálogo maestro."
"ABARROTES (GRANOS, AZÚCAR Y FRUTOS SECOS)","CHUSPILLO","A","4","4","0","4","YES","Publicado con al menos una relación física universal segura; no tiene modalidad BS en el catálogo maestro."
"ABARROTES (GRANOS, AZÚCAR Y FRUTOS SECOS)","CIRUELA PASA","B","2","1","1","1","YES","Publicado con al menos una relación física segura; BS se conserva como modalidad monetaria pendiente de precio y habilitación QB-17."
"ABARROTES (GRANOS, AZÚCAR Y FRUTOS SECOS)","GARBANZO","A","3","3","0","3","YES","Publicado con al menos una relación física universal segura; no tiene modalidad BS en el catálogo maestro."
"ABARROTES (GRANOS, AZÚCAR Y FRUTOS SECOS)","HARINA (COMÚN)","A","4","4","0","4","YES","Publicado con al menos una relación física universal segura; no tiene modalidad BS en el catálogo maestro."
"ABARROTES (GRANOS, AZÚCAR Y FRUTOS SECOS)","HARINA VICTORIA","D","1","0","0","1","NO","No publicado: sus relaciones físicas requieren una conversión o configuración específica que el catálogo maestro no define."
"ABARROTES (GRANOS, AZÚCAR Y FRUTOS SECOS)","HARRY LIMONERO","D","1","0","0","1","NO","No publicado: sus relaciones físicas requieren una conversión o configuración específica que el catálogo maestro no define."
"ABARROTES (GRANOS, AZÚCAR Y FRUTOS SECOS)","KACHA MEMBRILLO","A","1","1","0","1","YES","Publicado con al menos una relación física universal segura; no tiene modalidad BS en el catálogo maestro."
"ABARROTES (GRANOS, AZÚCAR Y FRUTOS SECOS)","LENTEJA","A","3","3","0","3","YES","Publicado con al menos una relación física universal segura; no tiene modalidad BS en el catálogo maestro."
"ABARROTES (GRANOS, AZÚCAR Y FRUTOS SECOS)","LINAZA","A","2","2","0","2","YES","Publicado con al menos una relación física universal segura; no tiene modalidad BS en el catálogo maestro."
"ABARROTES (GRANOS, AZÚCAR Y FRUTOS SECOS)","MAÍZ BLANCO TUJURÉ","A","2","2","0","2","YES","Publicado con al menos una relación física universal segura; no tiene modalidad BS en el catálogo maestro."
"ABARROTES (GRANOS, AZÚCAR Y FRUTOS SECOS)","MANÍ","A","4","4","0","4","YES","Publicado con al menos una relación física universal segura; no tiene modalidad BS en el catálogo maestro."
"ABARROTES (GRANOS, AZÚCAR Y FRUTOS SECOS)","MANÍ PARTIDO","A","4","4","0","4","YES","Publicado con al menos una relación física universal segura; no tiene modalidad BS en el catálogo maestro."
"ABARROTES (GRANOS, AZÚCAR Y FRUTOS SECOS)","MOCOCHINCHI (PARA PREPARAR)","A","4","4","0","4","YES","Publicado con al menos una relación física universal segura; no tiene modalidad BS en el catálogo maestro."
"ABARROTES (GRANOS, AZÚCAR Y FRUTOS SECOS)","MOTE CHOCLO","A","3","3","0","3","YES","Publicado con al menos una relación física universal segura; no tiene modalidad BS en el catálogo maestro."
"ABARROTES (GRANOS, AZÚCAR Y FRUTOS SECOS)","PASA DE UVA","A","2","2","0","2","YES","Publicado con al menos una relación física universal segura; no tiene modalidad BS en el catálogo maestro."
"ABARROTES (GRANOS, AZÚCAR Y FRUTOS SECOS)","POROTO BLANCO","A","3","3","0","3","YES","Publicado con al menos una relación física universal segura; no tiene modalidad BS en el catálogo maestro."
"ABARROTES (GRANOS, AZÚCAR Y FRUTOS SECOS)","POROTO NEGRO","A","3","3","0","3","YES","Publicado con al menos una relación física universal segura; no tiene modalidad BS en el catálogo maestro."
"ABARROTES (GRANOS, AZÚCAR Y FRUTOS SECOS)","QUINUA","A","3","3","0","3","YES","Publicado con al menos una relación física universal segura; no tiene modalidad BS en el catálogo maestro."
"ABARROTES (GRANOS, AZÚCAR Y FRUTOS SECOS)","SAL 1 KG","A","1","1","0","1","YES","Publicado con al menos una relación física universal segura; no tiene modalidad BS en el catálogo maestro."
"ABARROTES (GRANOS, AZÚCAR Y FRUTOS SECOS)","SÉSAMO/AJONJOLÍ","A","3","3","0","3","YES","Publicado con al menos una relación física universal segura; no tiene modalidad BS en el catálogo maestro."
"ABARROTES (GRANOS, AZÚCAR Y FRUTOS SECOS)","SULTANA","B","2","1","1","1","YES","Publicado con al menos una relación física segura; BS se conserva como modalidad monetaria pendiente de precio y habilitación QB-17."
"ABARROTES (GRANOS, AZÚCAR Y FRUTOS SECOS)","TOSTADA","A","3","3","0","3","YES","Publicado con al menos una relación física universal segura; no tiene modalidad BS en el catálogo maestro."
"ABARROTES (GRANOS, AZÚCAR Y FRUTOS SECOS)","TRIGO CHAQUE","A","3","3","0","3","YES","Publicado con al menos una relación física universal segura; no tiene modalidad BS en el catálogo maestro."
"ABARROTES (GRANOS, AZÚCAR Y FRUTOS SECOS)","TRIGO ENTERO","A","3","3","0","3","YES","Publicado con al menos una relación física universal segura; no tiene modalidad BS en el catálogo maestro."
"ABARROTES (GRANOS, AZÚCAR Y FRUTOS SECOS)","TRIGO MOLIDO","A","3","3","0","3","YES","Publicado con al menos una relación física universal segura; no tiene modalidad BS en el catálogo maestro."
"CARNES Y AVES","ALITA (POLLO)","A","1","1","0","1","YES","Publicado con al menos una relación física universal segura; no tiene modalidad BS en el catálogo maestro."
"CARNES Y AVES","FILETE CON HUESO (POLLO)","A","1","1","0","1","YES","Publicado con al menos una relación física universal segura; no tiene modalidad BS en el catálogo maestro."
"CARNES Y AVES","FILETE SIN HUESO (POLLO)","A","1","1","0","1","YES","Publicado con al menos una relación física universal segura; no tiene modalidad BS en el catálogo maestro."
"CARNES Y AVES","HIGADO DE POLLO","A","1","1","0","1","YES","Publicado con al menos una relación física universal segura; no tiene modalidad BS en el catálogo maestro."
"CARNES Y AVES","JAMÓN SANDWICHERO","A","1","1","0","1","YES","Publicado con al menos una relación física universal segura; no tiene modalidad BS en el catálogo maestro."
"CARNES Y AVES","MOLLEJA (POLLO)","A","1","1","0","1","YES","Publicado con al menos una relación física universal segura; no tiene modalidad BS en el catálogo maestro."
"CARNES Y AVES","MUSLO (POLLO)","A","1","1","0","1","YES","Publicado con al menos una relación física universal segura; no tiene modalidad BS en el catálogo maestro."
"CARNES Y AVES","PIERNA (POLLO)","A","1","1","0","1","YES","Publicado con al menos una relación física universal segura; no tiene modalidad BS en el catálogo maestro."
"CARNES Y AVES","PIERNA MUSLO (POLLO)","A","1","1","0","1","YES","Publicado con al menos una relación física universal segura; no tiene modalidad BS en el catálogo maestro."
"CARNES Y AVES","TOCINO AHUMADO","D","1","0","0","1","NO","No publicado: sus relaciones físicas requieren una conversión o configuración específica que el catálogo maestro no define."
"CONDIMENTOS, ESPECIAS Y ADITIVOS","AJI ""PANQUITA"" SIN PICANTE","D","1","0","0","1","NO","No publicado: sus relaciones físicas requieren una conversión o configuración específica que el catálogo maestro no define."
"CONDIMENTOS, ESPECIAS Y ADITIVOS","AJI COLORANTE AMARILLO","B","2","1","1","1","YES","Publicado con al menos una relación física segura; BS se conserva como modalidad monetaria pendiente de precio y habilitación QB-17."
"CONDIMENTOS, ESPECIAS Y ADITIVOS","AJI COLORANTE ROJO","A","1","1","0","1","YES","Publicado con al menos una relación física universal segura; no tiene modalidad BS en el catálogo maestro."
"CONDIMENTOS, ESPECIAS Y ADITIVOS","AJI VAINA AMARILLO","A","2","2","0","2","YES","Publicado con al menos una relación física universal segura; no tiene modalidad BS en el catálogo maestro."
"CONDIMENTOS, ESPECIAS Y ADITIVOS","AJI VAINA AMARILLO PERUANO","A","2","2","0","2","YES","Publicado con al menos una relación física universal segura; no tiene modalidad BS en el catálogo maestro."
"CONDIMENTOS, ESPECIAS Y ADITIVOS","AJI VAINA ROJO","A","2","2","0","2","YES","Publicado con al menos una relación física universal segura; no tiene modalidad BS en el catálogo maestro."
"CONDIMENTOS, ESPECIAS Y ADITIVOS","AJI VAINA ROJO PERUANO","A","2","2","0","2","YES","Publicado con al menos una relación física universal segura; no tiene modalidad BS en el catálogo maestro."
"CONDIMENTOS, ESPECIAS Y ADITIVOS","AJINOMOTO","A","2","2","0","2","YES","Publicado con al menos una relación física universal segura; no tiene modalidad BS en el catálogo maestro."
"CONDIMENTOS, ESPECIAS Y ADITIVOS","AJINOMOTO (MEJORA ARROZ)","A","2","2","0","2","YES","Publicado con al menos una relación física universal segura; no tiene modalidad BS en el catálogo maestro."
"CONDIMENTOS, ESPECIAS Y ADITIVOS","AJO EN POLVO","A","2","2","0","2","YES","Publicado con al menos una relación física universal segura; no tiene modalidad BS en el catálogo maestro."
"CONDIMENTOS, ESPECIAS Y ADITIVOS","ANÍS","B","2","1","1","1","YES","Publicado con al menos una relación física segura; BS se conserva como modalidad monetaria pendiente de precio y habilitación QB-17."
"CONDIMENTOS, ESPECIAS Y ADITIVOS","CANELA RAMA","B","3","1","1","2","YES","Publicado con al menos una relación física segura; BS se conserva como modalidad monetaria pendiente de precio y habilitación QB-17."
"CONDIMENTOS, ESPECIAS Y ADITIVOS","CEBOLLA EN POLVO","A","2","2","0","2","YES","Publicado con al menos una relación física universal segura; no tiene modalidad BS en el catálogo maestro."
"CONDIMENTOS, ESPECIAS Y ADITIVOS","CHILY EN POLVO","A","2","2","0","2","YES","Publicado con al menos una relación física universal segura; no tiene modalidad BS en el catálogo maestro."
"CONDIMENTOS, ESPECIAS Y ADITIVOS","CLAVO DE OLOR","B","2","1","1","1","YES","Publicado con al menos una relación física segura; BS se conserva como modalidad monetaria pendiente de precio y habilitación QB-17."
"CONDIMENTOS, ESPECIAS Y ADITIVOS","COMINO MOLIDO","A","2","2","0","2","YES","Publicado con al menos una relación física universal segura; no tiene modalidad BS en el catálogo maestro."
"CONDIMENTOS, ESPECIAS Y ADITIVOS","CUBITO MAGUI CARNE","D","1","0","0","1","NO","No publicado: sus relaciones físicas requieren una conversión o configuración específica que el catálogo maestro no define."
"CONDIMENTOS, ESPECIAS Y ADITIVOS","CUBITO MAGUI COSTILLA","D","1","0","0","1","NO","No publicado: sus relaciones físicas requieren una conversión o configuración específica que el catálogo maestro no define."
"CONDIMENTOS, ESPECIAS Y ADITIVOS","CUBITO MAGUI POLLO","D","1","0","0","1","NO","No publicado: sus relaciones físicas requieren una conversión o configuración específica que el catálogo maestro no define."
"CONDIMENTOS, ESPECIAS Y ADITIVOS","CÚRCUMA","A","2","2","0","2","YES","Publicado con al menos una relación física universal segura; no tiene modalidad BS en el catálogo maestro."
"CONDIMENTOS, ESPECIAS Y ADITIVOS","CURRY","A","2","2","0","2","YES","Publicado con al menos una relación física universal segura; no tiene modalidad BS en el catálogo maestro."
"CONDIMENTOS, ESPECIAS Y ADITIVOS","DÑA GUSTA CARNE","D","1","0","0","1","NO","No publicado: sus relaciones físicas requieren una conversión o configuración específica que el catálogo maestro no define."
"CONDIMENTOS, ESPECIAS Y ADITIVOS","DÑA GUSTA COSTILLA","D","1","0","0","1","NO","No publicado: sus relaciones físicas requieren una conversión o configuración específica que el catálogo maestro no define."
"CONDIMENTOS, ESPECIAS Y ADITIVOS","DÑA GUSTA PESCADO","D","1","0","0","1","NO","No publicado: sus relaciones físicas requieren una conversión o configuración específica que el catálogo maestro no define."
"CONDIMENTOS, ESPECIAS Y ADITIVOS","DÑA GUSTA POLLO","D","1","0","0","1","NO","No publicado: sus relaciones físicas requieren una conversión o configuración específica que el catálogo maestro no define."
"CONDIMENTOS, ESPECIAS Y ADITIVOS","JENGIBRE EN POLVO","A","3","2","0","3","YES","Publicado con al menos una relación física universal segura; no tiene modalidad BS en el catálogo maestro."
"CONDIMENTOS, ESPECIAS Y ADITIVOS","LAUREL","B","2","1","1","1","YES","Publicado con al menos una relación física segura; BS se conserva como modalidad monetaria pendiente de precio y habilitación QB-17."
"CONDIMENTOS, ESPECIAS Y ADITIVOS","LAWA CHOCLO","A","2","2","0","2","YES","Publicado con al menos una relación física universal segura; no tiene modalidad BS en el catálogo maestro."
"CONDIMENTOS, ESPECIAS Y ADITIVOS","LAWA JANKAQIPA","A","2","2","0","2","YES","Publicado con al menos una relación física universal segura; no tiene modalidad BS en el catálogo maestro."
"CONDIMENTOS, ESPECIAS Y ADITIVOS","LAWA TRIGO","A","2","2","0","2","YES","Publicado con al menos una relación física universal segura; no tiene modalidad BS en el catálogo maestro."
"CONDIMENTOS, ESPECIAS Y ADITIVOS","LEVADURA SECA KRIS SACHET 25 GR.","D","1","0","0","1","NO","No publicado: sus relaciones físicas requieren una conversión o configuración específica que el catálogo maestro no define."
"CONDIMENTOS, ESPECIAS Y ADITIVOS","NUEZ MOSCADA ENTERA","A","1","1","0","1","YES","Publicado con al menos una relación física universal segura; no tiene modalidad BS en el catálogo maestro."
"CONDIMENTOS, ESPECIAS Y ADITIVOS","NUEZ MOSCADA POLVO","B","2","1","1","1","YES","Publicado con al menos una relación física segura; BS se conserva como modalidad monetaria pendiente de precio y habilitación QB-17."
"CONDIMENTOS, ESPECIAS Y ADITIVOS","ORÉGANO","A","3","3","0","3","YES","Publicado con al menos una relación física universal segura; no tiene modalidad BS en el catálogo maestro."
"CONDIMENTOS, ESPECIAS Y ADITIVOS","ORÉGANO POLVO","A","3","3","0","3","YES","Publicado con al menos una relación física universal segura; no tiene modalidad BS en el catálogo maestro."
"CONDIMENTOS, ESPECIAS Y ADITIVOS","PAPRIKA","A","2","2","0","2","YES","Publicado con al menos una relación física universal segura; no tiene modalidad BS en el catálogo maestro."
"CONDIMENTOS, ESPECIAS Y ADITIVOS","PIMIENTA DULCE GRANO","A","2","2","0","2","YES","Publicado con al menos una relación física universal segura; no tiene modalidad BS en el catálogo maestro."
"CONDIMENTOS, ESPECIAS Y ADITIVOS","PIMIENTA DULCE MOLIDA","A","2","2","0","2","YES","Publicado con al menos una relación física universal segura; no tiene modalidad BS en el catálogo maestro."
"CONDIMENTOS, ESPECIAS Y ADITIVOS","PIMIENTA NEGRA GRANO","A","2","2","0","2","YES","Publicado con al menos una relación física universal segura; no tiene modalidad BS en el catálogo maestro."
"CONDIMENTOS, ESPECIAS Y ADITIVOS","PIMIENTA NEGRA MOLIDA","A","2","2","0","2","YES","Publicado con al menos una relación física universal segura; no tiene modalidad BS en el catálogo maestro."
"CONDIMENTOS, ESPECIAS Y ADITIVOS","POLVO PARA HORNEAR 1KG","A","1","1","0","1","YES","Publicado con al menos una relación física universal segura; no tiene modalidad BS en el catálogo maestro."
"CONDIMENTOS, ESPECIAS Y ADITIVOS","SIBARITA AJI AMARILLO","D","2","0","0","2","NO","No publicado: sus relaciones físicas requieren una conversión o configuración específica que el catálogo maestro no define."
"CONDIMENTOS, ESPECIAS Y ADITIVOS","SIBARITA AJI COLORADO","D","2","0","0","2","NO","No publicado: sus relaciones físicas requieren una conversión o configuración específica que el catálogo maestro no define."
"CONSERVAS, SALSAS Y ACEITES","ACEITE","D","1","0","0","1","NO","No publicado: sus relaciones físicas requieren una conversión o configuración específica que el catálogo maestro no define."
"CONSERVAS, SALSAS Y ACEITES","ACEITE OLIVA BORGES 1L","A","1","1","0","1","YES","Publicado con al menos una relación física universal segura; no tiene modalidad BS en el catálogo maestro."
"CONSERVAS, SALSAS Y ACEITES","ACEITUNA NEGRA","A","2","2","0","2","YES","Publicado con al menos una relación física universal segura; no tiene modalidad BS en el catálogo maestro."
"CONSERVAS, SALSAS Y ACEITES","ACEITUNA VERDE","A","2","2","0","2","YES","Publicado con al menos una relación física universal segura; no tiene modalidad BS en el catálogo maestro."
"CONSERVAS, SALSAS Y ACEITES","AGUA CON GAS ""VISCACHANI""","D","1","0","0","1","NO","No publicado: sus relaciones físicas requieren una conversión o configuración específica que el catálogo maestro no define."
"CONSERVAS, SALSAS Y ACEITES","CAJAMAR SACHET (EXTRACTO DE TOMATE)","D","1","0","0","1","NO","No publicado: sus relaciones físicas requieren una conversión o configuración específica que el catálogo maestro no define."
"CONSERVAS, SALSAS Y ACEITES","CHAMPIÑON LATA","A","1","1","0","1","YES","Publicado con al menos una relación física universal segura; no tiene modalidad BS en el catálogo maestro."
"CONSERVAS, SALSAS Y ACEITES","CHERRY AL JUGO 1KG","D","1","0","0","1","NO","No publicado: sus relaciones físicas requieren una conversión o configuración específica que el catálogo maestro no define."
"CONSERVAS, SALSAS Y ACEITES","CHOCLO COCIDO","A","2","2","0","2","YES","Publicado con al menos una relación física universal segura; no tiene modalidad BS en el catálogo maestro."
"CONSERVAS, SALSAS Y ACEITES","CHOCLO LATA GRANDE","A","1","1","0","1","YES","Publicado con al menos una relación física universal segura; no tiene modalidad BS en el catálogo maestro."
"CONSERVAS, SALSAS Y ACEITES","CREMA DE ESPÁRRAGOS","D","1","0","0","1","NO","No publicado: sus relaciones físicas requieren una conversión o configuración específica que el catálogo maestro no define."
"CONSERVAS, SALSAS Y ACEITES","DURAZNO EN LATA","A","1","1","0","1","YES","Publicado con al menos una relación física universal segura; no tiene modalidad BS en el catálogo maestro."
"CONSERVAS, SALSAS Y ACEITES","GALLETAS DE LECHE LA FRANCESA","D","1","0","0","1","NO","No publicado: sus relaciones físicas requieren una conversión o configuración específica que el catálogo maestro no define."
"CONSERVAS, SALSAS Y ACEITES","GELATINA","D","1","0","0","1","NO","No publicado: sus relaciones físicas requieren una conversión o configuración específica que el catálogo maestro no define."
"CONSERVAS, SALSAS Y ACEITES","KETCHUP BOTE","A","1","1","0","1","YES","Publicado con al menos una relación física universal segura; no tiene modalidad BS en el catálogo maestro."
"CONSERVAS, SALSAS Y ACEITES","KETCHUP SACHET","D","1","0","0","1","NO","No publicado: sus relaciones físicas requieren una conversión o configuración específica que el catálogo maestro no define."
"CONSERVAS, SALSAS Y ACEITES","LECHE DE COCO 400 ML","A","1","1","0","1","YES","Publicado con al menos una relación física universal segura; no tiene modalidad BS en el catálogo maestro."
"CONSERVAS, SALSAS Y ACEITES","MAYONESA KRIS 3600CC","A","1","1","0","1","YES","Publicado con al menos una relación física universal segura; no tiene modalidad BS en el catálogo maestro."
"CONSERVAS, SALSAS Y ACEITES","MAYONESA REAL BOTE","A","1","1","0","1","YES","Publicado con al menos una relación física universal segura; no tiene modalidad BS en el catálogo maestro."
"CONSERVAS, SALSAS Y ACEITES","MAYONESA SACHET","D","1","0","0","1","NO","No publicado: sus relaciones físicas requieren una conversión o configuración específica que el catálogo maestro no define."
"CONSERVAS, SALSAS Y ACEITES","MIEL BOTE PEQUEÑO","A","1","1","0","1","YES","Publicado con al menos una relación física universal segura; no tiene modalidad BS en el catálogo maestro."
"CONSERVAS, SALSAS Y ACEITES","MOSTAZA 5 KG","A","1","1","0","1","YES","Publicado con al menos una relación física universal segura; no tiene modalidad BS en el catálogo maestro."
"CONSERVAS, SALSAS Y ACEITES","MOSTAZA GRANDE BOTE","A","1","1","0","1","YES","Publicado con al menos una relación física universal segura; no tiene modalidad BS en el catálogo maestro."
"CONSERVAS, SALSAS Y ACEITES","MOSTAZA SACHET","D","1","0","0","1","NO","No publicado: sus relaciones físicas requieren una conversión o configuración específica que el catálogo maestro no define."
"CONSERVAS, SALSAS Y ACEITES","SALSA SOYA 5L","A","1","1","0","1","YES","Publicado con al menos una relación física universal segura; no tiene modalidad BS en el catálogo maestro."
"CONSERVAS, SALSAS Y ACEITES","VINAGRE BLANCO 5L","A","1","1","0","1","YES","Publicado con al menos una relación física universal segura; no tiene modalidad BS en el catálogo maestro."
"CONSERVAS, SALSAS Y ACEITES","VINAGRE MANZANA 5L","A","1","1","0","1","YES","Publicado con al menos una relación física universal segura; no tiene modalidad BS en el catálogo maestro."
"CONSERVAS, SALSAS Y ACEITES","VINAGRE TINTO 5L","A","1","1","0","1","YES","Publicado con al menos una relación física universal segura; no tiene modalidad BS en el catálogo maestro."
"FRUTAS FRESCAS","ARÁNDANO","A","2","1","0","2","YES","Publicado con al menos una relación física universal segura; no tiene modalidad BS en el catálogo maestro."
"FRUTAS FRESCAS","CARAMBOLA","D","2","0","0","2","NO","No publicado: sus relaciones físicas requieren una conversión o configuración específica que el catálogo maestro no define."
"FRUTAS FRESCAS","COCO","A","1","1","0","1","YES","Publicado con al menos una relación física universal segura; no tiene modalidad BS en el catálogo maestro."
"FRUTAS FRESCAS","DURAZNO","D","3","0","1","2","NO","No publicado: sus relaciones físicas requieren una conversión o configuración específica que el catálogo maestro no define."
"FRUTAS FRESCAS","FRAMBUESA","D","1","0","0","1","NO","No publicado: sus relaciones físicas requieren una conversión o configuración específica que el catálogo maestro no define."
"FRUTAS FRESCAS","FRUTILLA","A","2","1","0","2","YES","Publicado con al menos una relación física universal segura; no tiene modalidad BS en el catálogo maestro."
"FRUTAS FRESCAS","FRUTILLA GRANDE","A","2","1","0","2","YES","Publicado con al menos una relación física universal segura; no tiene modalidad BS en el catálogo maestro."
"FRUTAS FRESCAS","KIWI","A","1","1","0","1","YES","Publicado con al menos una relación física universal segura; no tiene modalidad BS en el catálogo maestro."
"FRUTAS FRESCAS","LIMON PARRILLERO","A","1","1","0","1","YES","Publicado con al menos una relación física universal segura; no tiene modalidad BS en el catálogo maestro."
"FRUTAS FRESCAS","LIMON SUTIL","A","1","1","0","1","YES","Publicado con al menos una relación física universal segura; no tiene modalidad BS en el catálogo maestro."
"FRUTAS FRESCAS","LIMON VERDE SIN PEPA","D","2","0","0","2","NO","No publicado: sus relaciones físicas requieren una conversión o configuración específica que el catálogo maestro no define."
"FRUTAS FRESCAS","MANDARINA CRIOLLA","A","1","1","0","1","YES","Publicado con al menos una relación física universal segura; no tiene modalidad BS en el catálogo maestro."
"FRUTAS FRESCAS","MANDARINA JAPONESA","A","1","1","0","1","YES","Publicado con al menos una relación física universal segura; no tiene modalidad BS en el catálogo maestro."
"FRUTAS FRESCAS","MANDARINA-LIMÓN","A","1","1","0","1","YES","Publicado con al menos una relación física universal segura; no tiene modalidad BS en el catálogo maestro."
"FRUTAS FRESCAS","MANGA MANZANA","A","1","1","0","1","YES","Publicado con al menos una relación física universal segura; no tiene modalidad BS en el catálogo maestro."
"FRUTAS FRESCAS","MANGO","A","1","1","0","1","YES","Publicado con al menos una relación física universal segura; no tiene modalidad BS en el catálogo maestro."
"FRUTAS FRESCAS","MANZANA ROJA","B","3","1","1","2","YES","Publicado con al menos una relación física segura; BS se conserva como modalidad monetaria pendiente de precio y habilitación QB-17."
"FRUTAS FRESCAS","MANZANA ROJA CRIOLLA","B","2","1","1","1","YES","Publicado con al menos una relación física segura; BS se conserva como modalidad monetaria pendiente de precio y habilitación QB-17."
"FRUTAS FRESCAS","MANZANA VERDE","B","3","1","1","2","YES","Publicado con al menos una relación física segura; BS se conserva como modalidad monetaria pendiente de precio y habilitación QB-17."
"FRUTAS FRESCAS","MARACUYÁ","D","4","0","0","4","NO","No publicado: sus relaciones físicas requieren una conversión o configuración específica que el catálogo maestro no define."
"FRUTAS FRESCAS","MELÓN VERDE","A","1","1","0","1","YES","Publicado con al menos una relación física universal segura; no tiene modalidad BS en el catálogo maestro."
"FRUTAS FRESCAS","MORA","A","2","1","0","2","YES","Publicado con al menos una relación física universal segura; no tiene modalidad BS en el catálogo maestro."
"FRUTAS FRESCAS","NARANJA","D","2","0","0","2","NO","No publicado: sus relaciones físicas requieren una conversión o configuración específica que el catálogo maestro no define."
"FRUTAS FRESCAS","PALTA MADURA","A","2","1","0","2","YES","Publicado con al menos una relación física universal segura; no tiene modalidad BS en el catálogo maestro."
"FRUTAS FRESCAS","PALTA PERUANA MADURA","A","2","1","0","2","YES","Publicado con al menos una relación física universal segura; no tiene modalidad BS en el catálogo maestro."
"FRUTAS FRESCAS","PALTA PERUANA SEMI MADURA","A","2","1","0","2","YES","Publicado con al menos una relación física universal segura; no tiene modalidad BS en el catálogo maestro."
"FRUTAS FRESCAS","PALTA PERUANA VERDE","A","2","1","0","2","YES","Publicado con al menos una relación física universal segura; no tiene modalidad BS en el catálogo maestro."
"FRUTAS FRESCAS","PALTA SEMI MADURA","A","2","1","0","2","YES","Publicado con al menos una relación física universal segura; no tiene modalidad BS en el catálogo maestro."
"FRUTAS FRESCAS","PALTA VERDE","A","2","1","0","2","YES","Publicado con al menos una relación física universal segura; no tiene modalidad BS en el catálogo maestro."
"FRUTAS FRESCAS","PAPAYA","B","2","1","1","1","YES","Publicado con al menos una relación física segura; BS se conserva como modalidad monetaria pendiente de precio y habilitación QB-17."
"FRUTAS FRESCAS","PIÑA","A","1","1","0","1","YES","Publicado con al menos una relación física universal segura; no tiene modalidad BS en el catálogo maestro."
"FRUTAS FRESCAS","PIÑA SIN CABEZA","A","1","1","0","1","YES","Publicado con al menos una relación física universal segura; no tiene modalidad BS en el catálogo maestro."
"FRUTAS FRESCAS","PLATANO FREIR","A","2","1","0","2","YES","Publicado con al menos una relación física universal segura; no tiene modalidad BS en el catálogo maestro."
"FRUTAS FRESCAS","PLATANO FREIR MADURO","A","2","1","0","2","YES","Publicado con al menos una relación física universal segura; no tiene modalidad BS en el catálogo maestro."
"FRUTAS FRESCAS","PLATANO FREIR PINTON","A","2","1","0","2","YES","Publicado con al menos una relación física universal segura; no tiene modalidad BS en el catálogo maestro."
"FRUTAS FRESCAS","PLÁTANO POSTRE","A","1","1","0","1","YES","Publicado con al menos una relación física universal segura; no tiene modalidad BS en el catálogo maestro."
"FRUTAS FRESCAS","POMELO","A","1","1","0","1","YES","Publicado con al menos una relación física universal segura; no tiene modalidad BS en el catálogo maestro."
"FRUTAS FRESCAS","SANDIA","A","1","1","0","1","YES","Publicado con al menos una relación física universal segura; no tiene modalidad BS en el catálogo maestro."
"FRUTAS FRESCAS","TUMBO","D","4","0","0","4","NO","No publicado: sus relaciones físicas requieren una conversión o configuración específica que el catálogo maestro no define."
"FRUTAS FRESCAS","UVA VERDE","A","1","1","0","1","YES","Publicado con al menos una relación física universal segura; no tiene modalidad BS en el catálogo maestro."
"HIERBAS FRESCAS","ALBAHACA","D","3","0","1","2","NO","No publicado: sus relaciones físicas requieren una conversión o configuración específica que el catálogo maestro no define."
"HIERBAS FRESCAS","APIO","D","3","0","1","2","NO","No publicado: sus relaciones físicas requieren una conversión o configuración específica que el catálogo maestro no define."
"HIERBAS FRESCAS","APIO SOPA","D","2","0","1","1","NO","No publicado: sus relaciones físicas requieren una conversión o configuración específica que el catálogo maestro no define."
"HIERBAS FRESCAS","CEBOLLIN GRUESO","D","2","0","1","1","NO","No publicado: sus relaciones físicas requieren una conversión o configuración específica que el catálogo maestro no define."
"HIERBAS FRESCAS","CEDRÓN FRESCO","C","1","0","1","0","NO","Solo posee modalidad BS; no existe una relación física soportada para expresar ni descontar cantidad."
"HIERBAS FRESCAS","CIBULET","D","2","0","1","1","NO","No publicado: sus relaciones físicas requieren una conversión o configuración específica que el catálogo maestro no define."
"HIERBAS FRESCAS","CILANTRO","D","2","0","1","1","NO","No publicado: sus relaciones físicas requieren una conversión o configuración específica que el catálogo maestro no define."
"HIERBAS FRESCAS","HIERBA BUENA","D","2","0","1","1","NO","No publicado: sus relaciones físicas requieren una conversión o configuración específica que el catálogo maestro no define."
"HIERBAS FRESCAS","MANZANILLA","D","2","0","1","1","NO","No publicado: sus relaciones físicas requieren una conversión o configuración específica que el catálogo maestro no define."
"HIERBAS FRESCAS","MENTA","D","2","0","1","1","NO","No publicado: sus relaciones físicas requieren una conversión o configuración específica que el catálogo maestro no define."
"HIERBAS FRESCAS","PEREJIL","D","2","0","1","1","NO","No publicado: sus relaciones físicas requieren una conversión o configuración específica que el catálogo maestro no define."
"HIERBAS FRESCAS","QUIRQUIÑA","D","2","0","1","1","NO","No publicado: sus relaciones físicas requieren una conversión o configuración específica que el catálogo maestro no define."
"HIERBAS FRESCAS","ROMERO FRESCO","D","2","0","1","1","NO","No publicado: sus relaciones físicas requieren una conversión o configuración específica que el catálogo maestro no define."
"HIERBAS FRESCAS","SUICO/HUACATAYA","D","2","0","1","1","NO","No publicado: sus relaciones físicas requieren una conversión o configuración específica que el catálogo maestro no define."
"LÁCTEOS Y HUEVOS","CREMA LECHE AZUL 1 L","D","1","0","0","1","NO","No publicado: sus relaciones físicas requieren una conversión o configuración específica que el catálogo maestro no define."
"LÁCTEOS Y HUEVOS","HUEVO","D","1","0","0","1","NO","No publicado: sus relaciones físicas requieren una conversión o configuración específica que el catálogo maestro no define."
"LÁCTEOS Y HUEVOS","LECHE CONDENSADA NESTLE","D","1","0","0","1","NO","No publicado: sus relaciones físicas requieren una conversión o configuración específica que el catálogo maestro no define."
"LÁCTEOS Y HUEVOS","LECHE DESLACTOSADA","D","1","0","0","1","NO","No publicado: sus relaciones físicas requieren una conversión o configuración específica que el catálogo maestro no define."
"LÁCTEOS Y HUEVOS","LECHE ENTERA PIL","D","1","0","0","1","NO","No publicado: sus relaciones físicas requieren una conversión o configuración específica que el catálogo maestro no define."
"LÁCTEOS Y HUEVOS","LECHE EVAPORADA CJA 1L","A","1","1","0","1","YES","Publicado con al menos una relación física universal segura; no tiene modalidad BS en el catálogo maestro."
"LÁCTEOS Y HUEVOS","MANTEQUILLA A GRANEL SIN SAL","A","2","2","0","2","YES","Publicado con al menos una relación física universal segura; no tiene modalidad BS en el catálogo maestro."
"LÁCTEOS Y HUEVOS","MANTQUILLA SIN SAL 600G","A","1","1","0","1","YES","Publicado con al menos una relación física universal segura; no tiene modalidad BS en el catálogo maestro."
"LÁCTEOS Y HUEVOS","OVOPLUS CLARA","D","1","0","0","1","NO","No publicado: sus relaciones físicas requieren una conversión o configuración específica que el catálogo maestro no define."
"LÁCTEOS Y HUEVOS","QUESILLO","A","1","1","0","1","YES","Publicado con al menos una relación física universal segura; no tiene modalidad BS en el catálogo maestro."
"LÁCTEOS Y HUEVOS","QUESO CHEDDAR KOSLAV","D","1","0","0","1","NO","No publicado: sus relaciones físicas requieren una conversión o configuración específica que el catálogo maestro no define."
"LÁCTEOS Y HUEVOS","QUESO RÍO GRANDE","A","1","1","0","1","YES","Publicado con al menos una relación física universal segura; no tiene modalidad BS en el catálogo maestro."
"LÁCTEOS Y HUEVOS","YOGUR GRIEGO","D","1","0","0","1","NO","No publicado: sus relaciones físicas requieren una conversión o configuración específica que el catálogo maestro no define."
"LIMPIEZA, PLÁSTICOS Y MENAJE","ALCOHOL 5LITROS","A","1","1","0","1","YES","Publicado con al menos una relación física universal segura; no tiene modalidad BS en el catálogo maestro."
"LIMPIEZA, PLÁSTICOS Y MENAJE","BOLSA BLANCA 20X30 AGARRADOR","D","2","0","0","2","NO","No publicado: sus relaciones físicas requieren una conversión o configuración específica que el catálogo maestro no define."
"LIMPIEZA, PLÁSTICOS Y MENAJE","BOLSA BLANCA 27X48","D","2","0","0","2","NO","No publicado: sus relaciones físicas requieren una conversión o configuración específica que el catálogo maestro no define."
"LIMPIEZA, PLÁSTICOS Y MENAJE","BOLSA BLANCA 35X65","D","2","0","0","2","NO","No publicado: sus relaciones físicas requieren una conversión o configuración específica que el catálogo maestro no define."
"LIMPIEZA, PLÁSTICOS Y MENAJE","BOLSA NEGRA 35X65","D","2","0","0","2","NO","No publicado: sus relaciones físicas requieren una conversión o configuración específica que el catálogo maestro no define."
"LIMPIEZA, PLÁSTICOS Y MENAJE","BOLSA NEGRA 60X90","D","2","0","0","2","NO","No publicado: sus relaciones físicas requieren una conversión o configuración específica que el catálogo maestro no define."
"LIMPIEZA, PLÁSTICOS Y MENAJE","BOLSA TRANSPARENTE 16X25","D","2","0","0","2","NO","No publicado: sus relaciones físicas requieren una conversión o configuración específica que el catálogo maestro no define."
"LIMPIEZA, PLÁSTICOS Y MENAJE","BOLSA TRANSPARENTE 20X30","D","2","0","0","2","NO","No publicado: sus relaciones físicas requieren una conversión o configuración específica que el catálogo maestro no define."
"LIMPIEZA, PLÁSTICOS Y MENAJE","BOMBILLA BLANCA POR UNIDAD","D","2","0","0","2","NO","No publicado: sus relaciones físicas requieren una conversión o configuración específica que el catálogo maestro no define."
"LIMPIEZA, PLÁSTICOS Y MENAJE","BOMBRIL DURO GRUESO","A","2","1","0","2","YES","Publicado con al menos una relación física universal segura; no tiene modalidad BS en el catálogo maestro."
"LIMPIEZA, PLÁSTICOS Y MENAJE","CUCHARILLAS PEQUEÑA","D","2","0","0","2","NO","No publicado: sus relaciones físicas requieren una conversión o configuración específica que el catálogo maestro no define."
"LIMPIEZA, PLÁSTICOS Y MENAJE","DESECHABLES #207 SEGUNDO","D","2","0","0","2","NO","No publicado: sus relaciones físicas requieren una conversión o configuración específica que el catálogo maestro no define."
"LIMPIEZA, PLÁSTICOS Y MENAJE","DESECHABLES 1000 ML SOPA","D","2","0","0","2","NO","No publicado: sus relaciones físicas requieren una conversión o configuración específica que el catálogo maestro no define."
"LIMPIEZA, PLÁSTICOS Y MENAJE","DESECHABLES 500 ML SOPA","D","2","0","0","2","NO","No publicado: sus relaciones físicas requieren una conversión o configuración específica que el catálogo maestro no define."
"LIMPIEZA, PLÁSTICOS Y MENAJE","DETERGENTE PATITO 5 KG","A","1","1","0","1","YES","Publicado con al menos una relación física universal segura; no tiene modalidad BS en el catálogo maestro."
"LIMPIEZA, PLÁSTICOS Y MENAJE","DETERGENTE POLVO TODO BRILLO 10 KG","A","1","1","0","1","YES","Publicado con al menos una relación física universal segura; no tiene modalidad BS en el catálogo maestro."
"LIMPIEZA, PLÁSTICOS Y MENAJE","ESPONJA","D","2","0","0","2","NO","No publicado: sus relaciones físicas requieren una conversión o configuración específica que el catálogo maestro no define."
"LIMPIEZA, PLÁSTICOS Y MENAJE","ESTROPAJO","D","1","0","0","1","NO","No publicado: sus relaciones físicas requieren una conversión o configuración específica que el catálogo maestro no define."
"LIMPIEZA, PLÁSTICOS Y MENAJE","FÓSFORO","D","1","0","0","1","NO","No publicado: sus relaciones físicas requieren una conversión o configuración específica que el catálogo maestro no define."
"LIMPIEZA, PLÁSTICOS Y MENAJE","GUANTE NARANJA TALLA L","D","1","0","0","1","NO","No publicado: sus relaciones físicas requieren una conversión o configuración específica que el catálogo maestro no define."
"LIMPIEZA, PLÁSTICOS Y MENAJE","GUANTE NARANJA TALLA M","D","1","0","0","1","NO","No publicado: sus relaciones físicas requieren una conversión o configuración específica que el catálogo maestro no define."
"LIMPIEZA, PLÁSTICOS Y MENAJE","LAVAVAJILLA PULPÍN","D","1","0","0","1","NO","No publicado: sus relaciones físicas requieren una conversión o configuración específica que el catálogo maestro no define."
"LIMPIEZA, PLÁSTICOS Y MENAJE","LLAJUERO DE 25 ML","D","2","0","0","2","NO","No publicado: sus relaciones físicas requieren una conversión o configuración específica que el catálogo maestro no define."
"LIMPIEZA, PLÁSTICOS Y MENAJE","LLAJUERO DE 50 ML","D","2","0","0","2","NO","No publicado: sus relaciones físicas requieren una conversión o configuración específica que el catálogo maestro no define."
"LIMPIEZA, PLÁSTICOS Y MENAJE","MONDADIENTES","D","1","0","0","1","NO","No publicado: sus relaciones físicas requieren una conversión o configuración específica que el catálogo maestro no define."
"LIMPIEZA, PLÁSTICOS Y MENAJE","PALITOS BROCHETA","D","1","0","0","1","NO","No publicado: sus relaciones físicas requieren una conversión o configuración específica que el catálogo maestro no define."
"LIMPIEZA, PLÁSTICOS Y MENAJE","PALITOS DE HELADO","D","1","0","0","1","NO","No publicado: sus relaciones físicas requieren una conversión o configuración específica que el catálogo maestro no define."
"LIMPIEZA, PLÁSTICOS Y MENAJE","PAPEL FILM ROLLO","A","1","1","0","1","YES","Publicado con al menos una relación física universal segura; no tiene modalidad BS en el catálogo maestro."
"LIMPIEZA, PLÁSTICOS Y MENAJE","PAPEL TOALLA PERLITA","D","2","0","0","2","NO","No publicado: sus relaciones físicas requieren una conversión o configuración específica que el catálogo maestro no define."
"LIMPIEZA, PLÁSTICOS Y MENAJE","SERVILLETAS PREMIER","D","2","0","0","2","NO","No publicado: sus relaciones físicas requieren una conversión o configuración específica que el catálogo maestro no define."
"LIMPIEZA, PLÁSTICOS Y MENAJE","VASOS 120 ABO","D","1","0","0","1","NO","No publicado: sus relaciones físicas requieren una conversión o configuración específica que el catálogo maestro no define."
"LIMPIEZA, PLÁSTICOS Y MENAJE","VASOS DESECHABLES 250 ML","D","1","0","0","1","NO","No publicado: sus relaciones físicas requieren una conversión o configuración específica que el catálogo maestro no define."
"LIMPIEZA, PLÁSTICOS Y MENAJE","VIRTURILLA","A","2","1","0","2","YES","Publicado con al menos una relación física universal segura; no tiene modalidad BS en el catálogo maestro."
"PASTAS Y CEREALES SECOS","FIDEO #88 TAGLIATELLA ANITA","D","1","0","0","1","NO","No publicado: sus relaciones físicas requieren una conversión o configuración específica que el catálogo maestro no define."
"PASTAS Y CEREALES SECOS","FIDEO CABELLO ANGEL","A","3","3","0","3","YES","Publicado con al menos una relación física universal segura; no tiene modalidad BS en el catálogo maestro."
"PASTAS Y CEREALES SECOS","FIDEO CODITOS","A","3","3","0","3","YES","Publicado con al menos una relación física universal segura; no tiene modalidad BS en el catálogo maestro."
"PASTAS Y CEREALES SECOS","FIDEO LASAÑA","D","1","0","0","1","NO","No publicado: sus relaciones físicas requieren una conversión o configuración específica que el catálogo maestro no define."
"PASTAS Y CEREALES SECOS","FIDEO LAZZARONI SURTIDO","D","1","0","0","1","NO","No publicado: sus relaciones físicas requieren una conversión o configuración específica que el catálogo maestro no define."
"PASTAS Y CEREALES SECOS","FIDEO LETRAS","A","3","3","0","3","YES","Publicado con al menos una relación física universal segura; no tiene modalidad BS en el catálogo maestro."
"PASTAS Y CEREALES SECOS","FIDEO LINGUINI LAZZARONI 10KG","D","1","0","0","1","NO","No publicado: sus relaciones físicas requieren una conversión o configuración específica que el catálogo maestro no define."
"PASTAS Y CEREALES SECOS","FIDEO MACARON PEQUEÑO","A","3","3","0","3","YES","Publicado con al menos una relación física universal segura; no tiene modalidad BS en el catálogo maestro."
"PASTAS Y CEREALES SECOS","FIDEO MACARRON","A","3","3","0","3","YES","Publicado con al menos una relación física universal segura; no tiene modalidad BS en el catálogo maestro."
"PASTAS Y CEREALES SECOS","FIDEO MANGA DE FRAILE","A","4","3","0","4","YES","Publicado con al menos una relación física universal segura; no tiene modalidad BS en el catálogo maestro."
"PASTAS Y CEREALES SECOS","FIDEO MEDIANO","A","3","3","0","3","YES","Publicado con al menos una relación física universal segura; no tiene modalidad BS en el catálogo maestro."
"PASTAS Y CEREALES SECOS","FIDEO RIGATONI ""DON VICTORIO""","D","1","0","0","1","NO","No publicado: sus relaciones físicas requieren una conversión o configuración específica que el catálogo maestro no define."
"PASTAS Y CEREALES SECOS","FIDEO ROSCA","A","3","3","0","3","YES","Publicado con al menos una relación física universal segura; no tiene modalidad BS en el catálogo maestro."
"PASTAS Y CEREALES SECOS","FIDEO SPAGUETTI LAZZARONI 10 KG","D","1","0","0","1","NO","No publicado: sus relaciones físicas requieren una conversión o configuración específica que el catálogo maestro no define."
"PASTAS Y CEREALES SECOS","FIDEO TALLARIN PLANO LAZZARONI","D","1","0","0","1","NO","No publicado: sus relaciones físicas requieren una conversión o configuración específica que el catálogo maestro no define."
"PASTAS Y CEREALES SECOS","MAICENA","A","4","4","0","4","YES","Publicado con al menos una relación física universal segura; no tiene modalidad BS en el catálogo maestro."
"VERDURAS","ACELGA","D","2","0","1","1","NO","No publicado: sus relaciones físicas requieren una conversión o configuración específica que el catálogo maestro no define."
"VERDURAS","ACELGA CHINA","A","1","1","0","1","YES","Publicado con al menos una relación física universal segura; no tiene modalidad BS en el catálogo maestro."
"VERDURAS","ACHOJCHA","B","3","2","1","2","YES","Publicado con al menos una relación física segura; BS se conserva como modalidad monetaria pendiente de precio y habilitación QB-17."
"VERDURAS","AJI FRESCO AMARILLO PER","B","4","3","1","3","YES","Publicado con al menos una relación física segura; BS se conserva como modalidad monetaria pendiente de precio y habilitación QB-17."
"VERDURAS","AJI UCHU","B","5","4","1","4","YES","Publicado con al menos una relación física segura; BS se conserva como modalidad monetaria pendiente de precio y habilitación QB-17."
"VERDURAS","AJI UCHU ROJO","B","5","4","1","4","YES","Publicado con al menos una relación física segura; BS se conserva como modalidad monetaria pendiente de precio y habilitación QB-17."
"VERDURAS","AJI UCHU ROJO AMARILLO","B","5","4","1","4","YES","Publicado con al menos una relación física segura; BS se conserva como modalidad monetaria pendiente de precio y habilitación QB-17."
"VERDURAS","AJO EN DIENTE","B","6","4","1","5","YES","Publicado con al menos una relación física segura; BS se conserva como modalidad monetaria pendiente de precio y habilitación QB-17."
"VERDURAS","AJO PELADO","B","4","3","1","3","YES","Publicado con al menos una relación física segura; BS se conserva como modalidad monetaria pendiente de precio y habilitación QB-17."
"VERDURAS","ALCACHOFA","D","1","0","0","1","NO","No publicado: sus relaciones físicas requieren una conversión o configuración específica que el catálogo maestro no define."
"VERDURAS","ARVEJA","B","5","4","1","4","YES","Publicado con al menos una relación física segura; BS se conserva como modalidad monetaria pendiente de precio y habilitación QB-17."
"VERDURAS","ARVEJA PELADA","B","4","3","1","3","YES","Publicado con al menos una relación física segura; BS se conserva como modalidad monetaria pendiente de precio y habilitación QB-17."
"VERDURAS","BERENJENA","D","2","0","0","2","NO","No publicado: sus relaciones físicas requieren una conversión o configuración específica que el catálogo maestro no define."
"VERDURAS","BROCOLI","D","2","0","0","2","NO","No publicado: sus relaciones físicas requieren una conversión o configuración específica que el catálogo maestro no define."
"VERDURAS","BROCOLI XTRA GRANDE","A","1","1","0","1","YES","Publicado con al menos una relación física universal segura; no tiene modalidad BS en el catálogo maestro."
"VERDURAS","BRUSELAS","D","1","0","0","1","NO","No publicado: sus relaciones físicas requieren una conversión o configuración específica que el catálogo maestro no define."
"VERDURAS","CAMOTE","A","3","3","0","3","YES","Publicado con al menos una relación física universal segura; no tiene modalidad BS en el catálogo maestro."
"VERDURAS","CAMOTE PERUANO","A","3","3","0","3","YES","Publicado con al menos una relación física universal segura; no tiene modalidad BS en el catálogo maestro."
"VERDURAS","CAROTE AMARILLO","D","2","0","0","2","NO","No publicado: sus relaciones físicas requieren una conversión o configuración específica que el catálogo maestro no define."
"VERDURAS","CEBOLLA BLANCA","D","7","0","1","6","NO","No publicado: sus relaciones físicas requieren una conversión o configuración específica que el catálogo maestro no define."
"VERDURAS","CEBOLLA CEVICHE","D","6","0","1","5","NO","No publicado: sus relaciones físicas requieren una conversión o configuración específica que el catálogo maestro no define."
"VERDURAS","CEBOLLA ESCABECHE","D","6","0","1","5","NO","No publicado: sus relaciones físicas requieren una conversión o configuración específica que el catálogo maestro no define."
"VERDURAS","CEBOLLA MORADA","D","7","0","1","6","NO","No publicado: sus relaciones físicas requieren una conversión o configuración específica que el catálogo maestro no define."
"VERDURAS","CEBOLLA VERDE","B","2","1","1","1","YES","Publicado con al menos una relación física segura; BS se conserva como modalidad monetaria pendiente de precio y habilitación QB-17."
"VERDURAS","CHAMPIÑON FRESCO","D","1","0","0","1","NO","No publicado: sus relaciones físicas requieren una conversión o configuración específica que el catálogo maestro no define."
"VERDURAS","CHOCLO 1RA TIERNO","A","1","1","0","1","YES","Publicado con al menos una relación física universal segura; no tiene modalidad BS en el catálogo maestro."
"VERDURAS","CHOCLO 2DA TIERNO","A","1","1","0","1","YES","Publicado con al menos una relación física universal segura; no tiene modalidad BS en el catálogo maestro."
"VERDURAS","COLIFLOR","D","1","0","0","1","NO","No publicado: sus relaciones físicas requieren una conversión o configuración específica que el catálogo maestro no define."
"VERDURAS","COLIFLOR XTRA GRANDE","D","1","0","0","1","NO","No publicado: sus relaciones físicas requieren una conversión o configuración específica que el catálogo maestro no define."
"VERDURAS","ESPINACA","B","3","2","1","2","YES","Publicado con al menos una relación física segura; BS se conserva como modalidad monetaria pendiente de precio y habilitación QB-17."
"VERDURAS","FLOR DE JAMAICA FRESCA","B","3","2","1","2","YES","Publicado con al menos una relación física segura; BS se conserva como modalidad monetaria pendiente de precio y habilitación QB-17."
"VERDURAS","HABA","B","4","3","1","3","YES","Publicado con al menos una relación física segura; BS se conserva como modalidad monetaria pendiente de precio y habilitación QB-17."
"VERDURAS","HONGO PORTOBELLO","D","1","0","0","1","NO","No publicado: sus relaciones físicas requieren una conversión o configuración específica que el catálogo maestro no define."
"VERDURAS","JALAPEÑO","D","1","0","0","1","NO","No publicado: sus relaciones físicas requieren una conversión o configuración específica que el catálogo maestro no define."
"VERDURAS","JENGIBRE FRESCO","D","3","0","1","2","NO","No publicado: sus relaciones físicas requieren una conversión o configuración específica que el catálogo maestro no define."
"VERDURAS","LECHUGA CRESPA","A","3","2","0","3","YES","Publicado con al menos una relación física universal segura; no tiene modalidad BS en el catálogo maestro."
"VERDURAS","LECHUGA ESCAROLA","D","2","0","0","2","NO","No publicado: sus relaciones físicas requieren una conversión o configuración específica que el catálogo maestro no define."
"VERDURAS","LECHUGA MIX","D","1","0","0","1","NO","No publicado: sus relaciones físicas requieren una conversión o configuración específica que el catálogo maestro no define."
"VERDURAS","LECHUGA ROMANA","A","1","1","0","1","YES","Publicado con al menos una relación física universal segura; no tiene modalidad BS en el catálogo maestro."
"VERDURAS","LECHUGA SEÑORITA","D","1","0","0","1","NO","No publicado: sus relaciones físicas requieren una conversión o configuración específica que el catálogo maestro no define."
"VERDURAS","LOCOT VERDE GRANDE","A","4","4","0","4","YES","Publicado con al menos una relación física universal segura; no tiene modalidad BS en el catálogo maestro."
"VERDURAS","LOCOTO","D","6","0","1","5","NO","No publicado: sus relaciones físicas requieren una conversión o configuración específica que el catálogo maestro no define."
"VERDURAS","LOCOTO ESCABECHE","A","4","4","0","4","YES","Publicado con al menos una relación física universal segura; no tiene modalidad BS en el catálogo maestro."
"VERDURAS","LOCOTO ROJO","D","5","0","1","4","NO","No publicado: sus relaciones físicas requieren una conversión o configuración específica que el catálogo maestro no define."
"VERDURAS","LOCOTO ROJO-VERDE","D","6","0","1","5","NO","No publicado: sus relaciones físicas requieren una conversión o configuración específica que el catálogo maestro no define."
"VERDURAS","NABO","B","3","2","1","2","YES","Publicado con al menos una relación física segura; BS se conserva como modalidad monetaria pendiente de precio y habilitación QB-17."
"VERDURAS","PAPA HOLANDESA GRANDE","A","4","3","0","4","YES","Publicado con al menos una relación física universal segura; no tiene modalidad BS en el catálogo maestro."
"VERDURAS","PAPA HOLANDESA MEDIANA","A","4","3","0","4","YES","Publicado con al menos una relación física universal segura; no tiene modalidad BS en el catálogo maestro."
"VERDURAS","PAPA IMILLA GRANDE","A","4","3","0","4","YES","Publicado con al menos una relación física universal segura; no tiene modalidad BS en el catálogo maestro."
"VERDURAS","PAPA IMILLA MEDIANA","A","4","3","0","4","YES","Publicado con al menos una relación física universal segura; no tiene modalidad BS en el catálogo maestro."
"VERDURAS","PAPA LISA","B","3","2","1","2","YES","Publicado con al menos una relación física segura; BS se conserva como modalidad monetaria pendiente de precio y habilitación QB-17."
"VERDURAS","PAPIN","A","2","2","0","2","YES","Publicado con al menos una relación física universal segura; no tiene modalidad BS en el catálogo maestro."
"VERDURAS","PEPINILLO","D","3","0","0","3","NO","No publicado: sus relaciones físicas requieren una conversión o configuración específica que el catálogo maestro no define."
"VERDURAS","PEPINO","D","5","0","1","4","NO","No publicado: sus relaciones físicas requieren una conversión o configuración específica que el catálogo maestro no define."
"VERDURAS","PEPINO CHINO","D","5","0","1","4","NO","No publicado: sus relaciones físicas requieren una conversión o configuración específica que el catálogo maestro no define."
"VERDURAS","PEPINO ESCABECHE","D","4","0","1","3","NO","No publicado: sus relaciones físicas requieren una conversión o configuración específica que el catálogo maestro no define."
"VERDURAS","PIMENTON AMARILLO","A","1","1","0","1","YES","Publicado con al menos una relación física universal segura; no tiene modalidad BS en el catálogo maestro."
"VERDURAS","PIMENTON ROJO","D","4","0","0","4","NO","No publicado: sus relaciones físicas requieren una conversión o configuración específica que el catálogo maestro no define."
"VERDURAS","PIMENTON ROJO AMARILLO","A","2","2","0","2","YES","Publicado con al menos una relación física universal segura; no tiene modalidad BS en el catálogo maestro."
"VERDURAS","PIMENTON VERDE","D","4","0","0","4","NO","No publicado: sus relaciones físicas requieren una conversión o configuración específica que el catálogo maestro no define."
"VERDURAS","PUERRO","D","2","0","0","2","NO","No publicado: sus relaciones físicas requieren una conversión o configuración específica que el catálogo maestro no define."
"VERDURAS","RABANO","B","3","1","1","2","YES","Publicado con al menos una relación física segura; BS se conserva como modalidad monetaria pendiente de precio y habilitación QB-17."
"VERDURAS","REMOLACHA","B","3","2","1","2","YES","Publicado con al menos una relación física segura; BS se conserva como modalidad monetaria pendiente de precio y habilitación QB-17."
"VERDURAS","REPOLLO MORADO","A","1","1","0","1","YES","Publicado con al menos una relación física universal segura; no tiene modalidad BS en el catálogo maestro."
"VERDURAS","REPOLLO VERDE","A","1","1","0","1","YES","Publicado con al menos una relación física universal segura; no tiene modalidad BS en el catálogo maestro."
"VERDURAS","RÚCULA","D","1","0","0","1","NO","No publicado: sus relaciones físicas requieren una conversión o configuración específica que el catálogo maestro no define."
"VERDURAS","TOMATE","A","4","3","0","4","YES","Publicado con al menos una relación física universal segura; no tiene modalidad BS en el catálogo maestro."
"VERDURAS","TOMATE CHERRY","A","2","1","0","2","YES","Publicado con al menos una relación física universal segura; no tiene modalidad BS en el catálogo maestro."
"VERDURAS","TOMATE PINTON","A","4","3","0","4","YES","Publicado con al menos una relación física universal segura; no tiene modalidad BS en el catálogo maestro."
"VERDURAS","TOMATE ROJO SALSA","A","4","3","0","4","YES","Publicado con al menos una relación física universal segura; no tiene modalidad BS en el catálogo maestro."
"VERDURAS","TOMATE SEMI PINTON","A","4","3","0","4","YES","Publicado con al menos una relación física universal segura; no tiene modalidad BS en el catálogo maestro."
"VERDURAS","VAINITA","B","5","4","1","4","YES","Publicado con al menos una relación física segura; BS se conserva como modalidad monetaria pendiente de precio y habilitación QB-17."
"VERDURAS","VAINITA ESCABECHE","B","5","4","1","4","YES","Publicado con al menos una relación física segura; BS se conserva como modalidad monetaria pendiente de precio y habilitación QB-17."
"VERDURAS","YUCA","A","2","2","0","2","YES","Publicado con al menos una relación física universal segura; no tiene modalidad BS en el catálogo maestro."
"VERDURAS","ZANAHORIA","A","5","4","0","5","YES","Publicado con al menos una relación física universal segura; no tiene modalidad BS en el catálogo maestro."
"VERDURAS","ZANAHORIA ESCABECHE","A","4","4","0","4","YES","Publicado con al menos una relación física universal segura; no tiene modalidad BS en el catálogo maestro."
"VERDURAS","ZANAHORIA PEQUEÑA","A","4","4","0","4","YES","Publicado con al menos una relación física universal segura; no tiene modalidad BS en el catálogo maestro."
"VERDURAS","ZANAHORIA XTRA GRANDE","A","5","4","0","5","YES","Publicado con al menos una relación física universal segura; no tiene modalidad BS en el catálogo maestro."
"VERDURAS","ZAPALLO","D","3","0","0","3","NO","No publicado: sus relaciones físicas requieren una conversión o configuración específica que el catálogo maestro no define."
"VERDURAS","ZUCCHINI","D","3","0","1","2","NO","No publicado: sus relaciones físicas requieren una conversión o configuración específica que el catálogo maestro no define."
