"product_id","product_name","category","base_unit","initial_quantity","cutoff_date","notes"
"e214088c-5d5e-472a-989b-b1df99dde74d","ARROCILLO","ABARROTES (GRANOS, AZÚCAR Y FRUTOS SECOS)","kg","","",""
"afa3b6ba-b55d-492d-bdc1-435266a77f1e","ARROZ 1RA GRANO ORO","ABARROTES (GRANOS, AZÚCAR Y FRUTOS SECOS)","kg","","",""
"0fd17be9-e939-4b52-9560-bcb1c84c6429","ARROZ 2DA GRANO ORO","ABARROTES (GRANOS, AZÚCAR Y FRUTOS SECOS)","kg","","",""
"cabcabe7-df62-4098-9233-8658a3128a92","ARROZ ECONÓMICO","ABARROTES (GRANOS, AZÚCAR Y FRUTOS SECOS)","kg","","",""
"ceed12d1-c73d-4e9e-9e11-3299de3183de","ARROZ PARTIDO","ABARROTES (GRANOS, AZÚCAR Y FRUTOS SECOS)","kg","","",""
"f24661bf-756e-4a9c-b721-d590d452764b","AVENA HOJUELAS","ABARROTES (GRANOS, AZÚCAR Y FRUTOS SECOS)","kg","","",""
"904448d6-9ce5-4aec-915f-1237c3aafffe","AVENA INSTANTÁNEA","ABARROTES (GRANOS, AZÚCAR Y FRUTOS SECOS)","kg","","",""
"720c7919-c559-47f5-baca-e66154740ef1","AZÚCAR BLANCA","ABARROTES (GRANOS, AZÚCAR Y FRUTOS SECOS)","kg","","",""
"1c3da24c-a801-487c-a11e-9bfa1556e030","AZÚCAR MORENA","ABARROTES (GRANOS, AZÚCAR Y FRUTOS SECOS)","kg","","",""
"b6a96608-2944-49d2-a4ba-60b351be7f41","CHIA","ABARROTES (GRANOS, AZÚCAR Y FRUTOS SECOS)","kg","","",""
"f01ed7ae-4a08-4b15-89e8-98bb94a8fcaf","CHICHA MORADA (PARA PREPARAR)","ABARROTES (GRANOS, AZÚCAR Y FRUTOS SECOS)","kg","","",""
"ed45a6f6-3eec-4a40-b9b4-4caafff79be0","CHUÑO (IMILLA) PARTIDO OSCURO","ABARROTES (GRANOS, AZÚCAR Y FRUTOS SECOS)","kg","","",""
"9038a587-7a5a-442c-8b0e-3df79a43f631","CHUÑO REMOJADO MACHUCADO","ABARROTES (GRANOS, AZÚCAR Y FRUTOS SECOS)","kg","","",""
"1a4f34ab-8692-417d-aae7-48a2df70265c","CHUÑO SOPA","ABARROTES (GRANOS, AZÚCAR Y FRUTOS SECOS)","kg","","",""
"30c2136b-9c03-41e7-83e0-96a55c11e70f","CHUSPILLO","ABARROTES (GRANOS, AZÚCAR Y FRUTOS SECOS)","kg","","",""
"826ad3f9-3a9d-4c3f-bcd0-b388c4055718","CIRUELA PASA","ABARROTES (GRANOS, AZÚCAR Y FRUTOS SECOS)","kg","","",""
"17dada4d-4a8e-431b-a67b-88fb2cc8b1e3","GARBANZO","ABARROTES (GRANOS, AZÚCAR Y FRUTOS SECOS)","kg","","",""
"fc43b78c-acae-412d-93b4-e66894491a8e","HARINA (COMÚN)","ABARROTES (GRANOS, AZÚCAR Y FRUTOS SECOS)","kg","","",""
"32178a87-2e9b-4c57-a11a-ebef8d5592e0","KACHA MEMBRILLO","ABARROTES (GRANOS, AZÚCAR Y FRUTOS SECOS)","kg","","",""
"22c21f8b-1d59-493e-a003-eac4c8a7c160","LENTEJA","ABARROTES (GRANOS, AZÚCAR Y FRUTOS SECOS)","kg","","",""
"b388520f-8e16-4a07-b910-a3bc1707d4db","LINAZA","ABARROTES (GRANOS, AZÚCAR Y FRUTOS SECOS)","kg","","",""
"aa74969a-c37a-496f-8141-ed64c165556e","MAÍZ BLANCO TUJURÉ","ABARROTES (GRANOS, AZÚCAR Y FRUTOS SECOS)","kg","","",""
"d7fffc6b-eecf-4dad-8d57-524ac3394653","MANÍ","ABARROTES (GRANOS, AZÚCAR Y FRUTOS SECOS)","kg","","",""
"6ce308ed-3c2e-4c71-89cb-b3e3a33b55cf","MANÍ PARTIDO","ABARROTES (GRANOS, AZÚCAR Y FRUTOS SECOS)","kg","","",""
"6c88b378-47ef-44d3-91a0-18379abbbdcc","MOCOCHINCHI (PARA PREPARAR)","ABARROTES (GRANOS, AZÚCAR Y FRUTOS SECOS)","kg","","",""
"26d29c9e-d002-49d8-b94b-4c89c756c1e6","MOTE CHOCLO","ABARROTES (GRANOS, AZÚCAR Y FRUTOS SECOS)","kg","","",""
"4ac71644-2d07-435d-abfe-bed66d842627","PASA DE UVA","ABARROTES (GRANOS, AZÚCAR Y FRUTOS SECOS)","kg","","",""
"a273e704-51dd-4f1b-8af1-7ae83b0fa59d","POROTO BLANCO","ABARROTES (GRANOS, AZÚCAR Y FRUTOS SECOS)","kg","","",""
"99e5f239-fa6e-4169-99e8-078729ff7c23","POROTO NEGRO","ABARROTES (GRANOS, AZÚCAR Y FRUTOS SECOS)","kg","","",""
"9be1e98e-bf9c-4566-aebb-bcd828d66a99","QUINUA","ABARROTES (GRANOS, AZÚCAR Y FRUTOS SECOS)","kg","","",""
"11cce7e8-1f6f-471b-a3e5-f1b46db8ebc0","SAL 1 KG","ABARROTES (GRANOS, AZÚCAR Y FRUTOS SECOS)","unidad","","",""
"0a236ee0-7e11-4101-af2d-786c1f1714b0","SÉSAMO/AJONJOLÍ","ABARROTES (GRANOS, AZÚCAR Y FRUTOS SECOS)","kg","","",""
"9af1a318-93ba-45d8-9189-761a0b898d05","SULTANA","ABARROTES (GRANOS, AZÚCAR Y FRUTOS SECOS)","kg","","",""
"82ad61cd-0786-498f-90df-bc0d2eb78271","TOSTADA","ABARROTES (GRANOS, AZÚCAR Y FRUTOS SECOS)","kg","","",""
"afe21c1a-daf0-4337-9fcf-bee77d1bf794","TRIGO CHAQUE","ABARROTES (GRANOS, AZÚCAR Y FRUTOS SECOS)","kg","","",""
"8b837c7f-998f-443a-ab9f-6a567e654e83","TRIGO ENTERO","ABARROTES (GRANOS, AZÚCAR Y FRUTOS SECOS)","kg","","",""
"e97eb698-59e9-4b26-8f49-55ffc268f9b2","TRIGO MOLIDO","ABARROTES (GRANOS, AZÚCAR Y FRUTOS SECOS)","kg","","",""
"dfa56377-e68d-4ca0-9ded-6aeaef3a3e1b","ALITA (POLLO)","CARNES Y AVES","kg","","",""
"856a20c8-28ee-4215-aa1a-32e17f315bae","FILETE CON HUESO (POLLO)","CARNES Y AVES","kg","","",""
"72956366-506d-4522-b30b-1beb50384c0f","FILETE SIN HUESO (POLLO)","CARNES Y AVES","kg","","",""
"d59c9c16-76ac-4458-a074-7f53e82d0c08","HIGADO DE POLLO","CARNES Y AVES","kg","","",""
"9f355523-958c-4167-9cbd-ea9fb76edb50","JAMÓN SANDWICHERO","CARNES Y AVES","kg","","",""
"48a27298-1da2-4443-93d2-dc9411dc9e83","MOLLEJA (POLLO)","CARNES Y AVES","kg","","",""
"cb52a399-bd3d-4bb8-9f67-2818c3d7ed24","MUSLO (POLLO)","CARNES Y AVES","kg","","",""
"2714d899-b4c7-4938-a579-09d45b603aed","PIERNA (POLLO)","CARNES Y AVES","kg","","",""
"13bc7232-3e57-41a8-8d21-c39aa07574f4","PIERNA MUSLO (POLLO)","CARNES Y AVES","kg","","",""
"b8849c0b-40d2-420b-859b-a9a98fed9d31","AJI COLORANTE AMARILLO","CONDIMENTOS, ESPECIAS Y ADITIVOS","kg","","",""
"61374b6a-ae7a-4b60-9020-6e741c0df256","AJI COLORANTE ROJO","CONDIMENTOS, ESPECIAS Y ADITIVOS","kg","","",""
"8cb1519e-0c47-4bef-8c7a-4ed8bf2fb6a4","AJI VAINA AMARILLO","CONDIMENTOS, ESPECIAS Y ADITIVOS","kg","","",""
"194494b4-4f75-4698-8038-76f7c8d6d38f","AJI VAINA AMARILLO PERUANO","CONDIMENTOS, ESPECIAS Y ADITIVOS","kg","","",""
"7e9e693e-93a5-4834-9535-017b94cfdd88","AJI VAINA ROJO","CONDIMENTOS, ESPECIAS Y ADITIVOS","kg","","",""
"1f77a521-18e8-413a-8092-34e1580d60d6","AJI VAINA ROJO PERUANO","CONDIMENTOS, ESPECIAS Y ADITIVOS","kg","","",""
"d581709b-22d9-4b35-bac8-05a34d19f320","AJINOMOTO","CONDIMENTOS, ESPECIAS Y ADITIVOS","kg","","",""
"5d21022b-5749-4f01-96e7-70b6b2762f7b","AJINOMOTO (MEJORA ARROZ)","CONDIMENTOS, ESPECIAS Y ADITIVOS","kg","","",""
"baf6e373-2eb0-4caa-a91d-db8f7d9ecd83","AJO EN POLVO","CONDIMENTOS, ESPECIAS Y ADITIVOS","kg","","",""
"64c9a879-12a6-4702-8bd3-237de2b7eebe","ANÍS","CONDIMENTOS, ESPECIAS Y ADITIVOS","kg","","",""
"35485845-3835-4342-b5ce-8d0863b0a44d","CANELA RAMA","CONDIMENTOS, ESPECIAS Y ADITIVOS","kg","","",""
"f8c8e8ff-48e5-460e-b960-3c6e26620570","CEBOLLA EN POLVO","CONDIMENTOS, ESPECIAS Y ADITIVOS","kg","","",""
"b7df8872-005a-46a1-a554-7247fdd9516f","CHILY EN POLVO","CONDIMENTOS, ESPECIAS Y ADITIVOS","kg","","",""
"f9cd4159-5683-468e-9c97-877702a6d671","CLAVO DE OLOR","CONDIMENTOS, ESPECIAS Y ADITIVOS","kg","","",""
"feba8876-58d7-4959-ba8e-be22b08ce283","COMINO MOLIDO","CONDIMENTOS, ESPECIAS Y ADITIVOS","kg","","",""
"659372b2-5194-427a-8ad2-8077f62e2cdf","CÚRCUMA","CONDIMENTOS, ESPECIAS Y ADITIVOS","kg","","",""
"78713c55-8e45-4ead-89b7-f9f171fd556e","CURRY","CONDIMENTOS, ESPECIAS Y ADITIVOS","kg","","",""
"1bc48501-bbd1-4e5f-96d7-0edc613479e9","JENGIBRE EN POLVO","CONDIMENTOS, ESPECIAS Y ADITIVOS","kg","","",""
"03d6850c-914c-435b-9fa5-89cf053c6308","LAUREL","CONDIMENTOS, ESPECIAS Y ADITIVOS","kg","","",""
"403c0584-7523-4834-9752-4215b9c7b3dd","LAWA CHOCLO","CONDIMENTOS, ESPECIAS Y ADITIVOS","kg","","",""
"4fcb8ef6-533e-43c0-9c32-3a4b2802a1ef","LAWA JANKAQIPA","CONDIMENTOS, ESPECIAS Y ADITIVOS","kg","","",""
"0a4753ca-f414-459e-ae2d-3c083f8459bd","LAWA TRIGO","CONDIMENTOS, ESPECIAS Y ADITIVOS","kg","","",""
"dd43dcef-a5db-4393-8000-bf4bdd8cd892","NUEZ MOSCADA ENTERA","CONDIMENTOS, ESPECIAS Y ADITIVOS","kg","","",""
"f7c6ed7a-a810-45bb-89f3-57889e79056e","NUEZ MOSCADA POLVO","CONDIMENTOS, ESPECIAS Y ADITIVOS","kg","","",""
"7abb274c-fb11-4d6c-bada-75f9db50ba8e","ORÉGANO","CONDIMENTOS, ESPECIAS Y ADITIVOS","kg","","",""
"2f9e682f-e28c-44f0-91e2-c8c08aaebd27","ORÉGANO POLVO","CONDIMENTOS, ESPECIAS Y ADITIVOS","kg","","",""
"d823b92b-6d41-44ea-8e4d-c67aed6b8664","PAPRIKA","CONDIMENTOS, ESPECIAS Y ADITIVOS","kg","","",""
"27ff0822-0584-4f72-91a7-1d6bef9684ee","PIMIENTA DULCE GRANO","CONDIMENTOS, ESPECIAS Y ADITIVOS","kg","","",""
"328d17d8-ec1e-4602-a122-231704d89c07","PIMIENTA DULCE MOLIDA","CONDIMENTOS, ESPECIAS Y ADITIVOS","kg","","",""
"217b4ad0-479b-430f-87e7-287fdb95da6b","PIMIENTA NEGRA GRANO","CONDIMENTOS, ESPECIAS Y ADITIVOS","kg","","",""
"7e703234-305c-48a4-8abd-fb477b806487","PIMIENTA NEGRA MOLIDA","CONDIMENTOS, ESPECIAS Y ADITIVOS","kg","","",""
"fb13fade-a4de-43dc-8fee-803971727700","POLVO PARA HORNEAR 1KG","CONDIMENTOS, ESPECIAS Y ADITIVOS","unidad","","",""
"6bededf2-04f6-40e2-b6f0-88440b2f99b5","ACEITE OLIVA BORGES 1L","CONSERVAS, SALSAS Y ACEITES","unidad","","",""
"e769a4bf-d1bc-4ef0-90e1-2cbb3d201835","ACEITUNA NEGRA","CONSERVAS, SALSAS Y ACEITES","kg","","",""
"303f04c4-e933-4d84-a4c7-74ac51f34534","ACEITUNA VERDE","CONSERVAS, SALSAS Y ACEITES","kg","","",""
"9d24216f-7054-4a0b-b61f-27aa163a947e","CHAMPIÑON LATA","CONSERVAS, SALSAS Y ACEITES","unidad","","",""
"6a512922-5c6a-4d31-8d70-a6104ea760ed","CHOCLO COCIDO","CONSERVAS, SALSAS Y ACEITES","kg","","",""
"9cbae1cb-fe8c-493c-a6d2-79dcc798c175","CHOCLO LATA GRANDE","CONSERVAS, SALSAS Y ACEITES","unidad","","",""
"6fdd1ed8-835d-46f1-9305-945a9401157f","DURAZNO EN LATA","CONSERVAS, SALSAS Y ACEITES","unidad","","",""
"6462b3f0-a47d-4847-849b-bdea5beb5b1c","KETCHUP BOTE","CONSERVAS, SALSAS Y ACEITES","unidad","","",""
"187b0f4b-109e-4f76-98f7-ae0a1f8de525","LECHE DE COCO 400 ML","CONSERVAS, SALSAS Y ACEITES","unidad","","",""
"259e291c-a7fb-4c9d-a583-5dac6652ed22","MAYONESA KRIS 3600CC","CONSERVAS, SALSAS Y ACEITES","unidad","","",""
"7cd233eb-2ba0-4a91-b3cf-309ac107e2f0","MAYONESA REAL BOTE","CONSERVAS, SALSAS Y ACEITES","unidad","","",""
"aabba693-a5d2-4900-a3eb-375049622020","MIEL BOTE PEQUEÑO","CONSERVAS, SALSAS Y ACEITES","unidad","","",""
"574f8e6a-b3ff-429f-98ea-d872ce5853f8","MOSTAZA 5 KG","CONSERVAS, SALSAS Y ACEITES","unidad","","",""
"80d0376e-c775-42d9-8e90-0223d3a983b6","MOSTAZA GRANDE BOTE","CONSERVAS, SALSAS Y ACEITES","unidad","","",""
"fcb8a59f-9a5a-4bd3-b2c8-66221654e38f","SALSA SOYA 5L","CONSERVAS, SALSAS Y ACEITES","unidad","","",""
"9bb9a88c-b382-4329-89ad-f5ca4c272599","VINAGRE BLANCO 5L","CONSERVAS, SALSAS Y ACEITES","unidad","","",""
"833ef62f-c98c-4f92-85fa-6c325bf65654","VINAGRE MANZANA 5L","CONSERVAS, SALSAS Y ACEITES","unidad","","",""
"eff302f3-b1fc-4282-9929-36adeec06f60","VINAGRE TINTO 5L","CONSERVAS, SALSAS Y ACEITES","unidad","","",""
"0d1fdfae-eaf4-4fb5-8424-26a794e6dce9","ARÁNDANO","FRUTAS FRESCAS","kg","","",""
"525f136b-425a-49e2-9dad-ea0660dc0150","COCO","FRUTAS FRESCAS","unidad","","",""
"65b65788-08d7-476e-9c36-e1591378a49e","FRUTILLA","FRUTAS FRESCAS","kg","","",""
"5977cb6d-abc7-44b0-9cc7-b59e679eda34","FRUTILLA GRANDE","FRUTAS FRESCAS","kg","","",""
"c1c9ec3b-1b33-4032-a0a2-88249b25db5a","KIWI","FRUTAS FRESCAS","kg","","",""
"c1011f4d-1163-4620-a00c-e4d0b4f411a7","LIMON PARRILLERO","FRUTAS FRESCAS","unidad","","",""
"1606a77a-a539-46ce-ab6e-a08658cf361a","LIMON SUTIL","FRUTAS FRESCAS","unidad","","",""
"820685ec-d5ca-4c05-8698-268fcdaaf143","MANDARINA CRIOLLA","FRUTAS FRESCAS","unidad","","",""
"8fca075b-bf36-4216-82c3-3cc6d4b7052c","MANDARINA JAPONESA","FRUTAS FRESCAS","unidad","","",""
"f4ff1833-b377-4e81-94b7-2f823fd82fd7","MANDARINA-LIMÓN","FRUTAS FRESCAS","unidad","","",""
"c36992fa-e053-4175-a65e-a3c08e10f8cc","MANGA MANZANA","FRUTAS FRESCAS","unidad","","",""
"01e82eb7-2f35-42ce-9d6e-6e525ad5c6e8","MANGO","FRUTAS FRESCAS","unidad","","",""
"d2da514e-1fd4-430d-ae95-e10e48c3767d","MANZANA ROJA","FRUTAS FRESCAS","unidad","","",""
"94d7f997-020b-4380-b1af-1a79dab9cef1","MANZANA ROJA CRIOLLA","FRUTAS FRESCAS","unidad","","",""
"59debd55-7fa1-45f1-ada1-5248c58596d2","MANZANA VERDE","FRUTAS FRESCAS","unidad","","",""
"74aed993-b176-4c81-b46d-3b66f716d7b2","MELÓN VERDE","FRUTAS FRESCAS","unidad","","",""
"16e86760-91eb-4dcc-b95a-b68ac6b94ec3","MORA","FRUTAS FRESCAS","kg","","",""
"c6df6581-0301-4f99-878c-abff7eb46215","PALTA MADURA","FRUTAS FRESCAS","unidad","","",""
"59374fef-c320-4acd-b734-25880bfcaace","PALTA PERUANA MADURA","FRUTAS FRESCAS","unidad","","",""
"3ea9ccc9-8054-4ed1-812d-0f427d38ab61","PALTA PERUANA SEMI MADURA","FRUTAS FRESCAS","unidad","","",""
"603ebbb0-22f0-4a0a-9f5d-b4e6ccb9323e","PALTA PERUANA VERDE","FRUTAS FRESCAS","unidad","","",""
"5ddb58c4-7a73-4018-979e-1ff713669139","PALTA SEMI MADURA","FRUTAS FRESCAS","unidad","","",""
"4ab4df93-5c85-4b20-9128-df094cd512a8","PALTA VERDE","FRUTAS FRESCAS","unidad","","",""
"8102dab8-905b-4364-8307-f4a676d5874c","PAPAYA","FRUTAS FRESCAS","unidad","","",""
"110ea357-681c-43bc-ac18-a2fae0fad8a7","PIÑA","FRUTAS FRESCAS","unidad","","",""
"2e9151de-cf7d-4249-9433-923dadcc0d25","PIÑA SIN CABEZA","FRUTAS FRESCAS","unidad","","",""
"2bb3b758-8eda-49e0-936e-b3d9b574c792","PLATANO FREIR","FRUTAS FRESCAS","unidad","","",""
"722f416b-5afb-41e9-bf79-5e73566e84a8","PLATANO FREIR MADURO","FRUTAS FRESCAS","unidad","","",""
"e6851b8e-f1ac-4ad1-a827-6462e5d77c5c","PLATANO FREIR PINTON","FRUTAS FRESCAS","unidad","","",""
"65cfdac5-a9fb-45a0-9637-f91909b77b49","PLÁTANO POSTRE","FRUTAS FRESCAS","unidad","","",""
"22e9578c-4a18-4378-94d7-564b87251dac","POMELO","FRUTAS FRESCAS","unidad","","",""
"e315098a-58bb-491f-8cd8-84be428bfa6e","SANDIA","FRUTAS FRESCAS","unidad","","",""
"33d7f78a-53d3-4ea4-a6ac-db2c293cd2d8","UVA VERDE","FRUTAS FRESCAS","kg","","",""
"6b1908fd-2e3a-403a-80ce-3b4366903af4","LECHE EVAPORADA CJA 1L","LÁCTEOS Y HUEVOS","unidad","","",""
"4063268b-0c75-4f7e-8112-7a1524a9b77a","MANTEQUILLA A GRANEL SIN SAL","LÁCTEOS Y HUEVOS","kg","","",""
"2a3d63de-0aac-49f0-a4ed-96eb7499225b","MANTQUILLA SIN SAL 600G","LÁCTEOS Y HUEVOS","unidad","","",""
"5b4e2bda-68fb-4500-808b-53fdfa8bf5b7","QUESILLO","LÁCTEOS Y HUEVOS","unidad","","",""
"82e1dbeb-079c-4b26-ba18-cbfae3923cc4","QUESO RÍO GRANDE","LÁCTEOS Y HUEVOS","kg","","",""
"e090366b-41d1-4b32-841a-66f89a31b36d","ALCOHOL 5LITROS","LIMPIEZA, PLÁSTICOS Y MENAJE","unidad","","",""
"42f1859f-c402-43be-ab9e-d1d28954fd32","BOMBRIL DURO GRUESO","LIMPIEZA, PLÁSTICOS Y MENAJE","unidad","","",""
"64fb7648-ce2f-4237-833c-e00017b6435c","DETERGENTE PATITO 5 KG","LIMPIEZA, PLÁSTICOS Y MENAJE","unidad","","",""
"f035190d-3fb9-4d76-9f60-15d1fd767e14","DETERGENTE POLVO TODO BRILLO 10 KG","LIMPIEZA, PLÁSTICOS Y MENAJE","unidad","","",""
"af0a7438-612d-4ebc-81f4-a5244eb85ed9","PAPEL FILM ROLLO","LIMPIEZA, PLÁSTICOS Y MENAJE","unidad","","",""
"303fd42c-1db5-4eb5-9949-d99208d662d8","VIRTURILLA","LIMPIEZA, PLÁSTICOS Y MENAJE","unidad","","",""
"70bd1645-b4d4-4161-96fe-902bb20fb215","FIDEO CABELLO ANGEL","PASTAS Y CEREALES SECOS","kg","","",""
"a6badae2-dfa8-4342-96f7-f046206bd9b1","FIDEO CODITOS","PASTAS Y CEREALES SECOS","kg","","",""
"c44a5951-ad67-4a4f-9912-b11e3940ca7d","FIDEO LETRAS","PASTAS Y CEREALES SECOS","kg","","",""
"90890c99-3026-4232-bf5a-b2adfe881fbe","FIDEO MACARON PEQUEÑO","PASTAS Y CEREALES SECOS","kg","","",""
"fff2ccb9-8c0f-47f9-96ac-1506033a0222","FIDEO MACARRON","PASTAS Y CEREALES SECOS","kg","","",""
"8d88d006-1de5-4a30-9010-2fccd9de1efc","FIDEO MANGA DE FRAILE","PASTAS Y CEREALES SECOS","kg","","",""
"7e44633d-c13a-4817-853a-316484d6889a","FIDEO MEDIANO","PASTAS Y CEREALES SECOS","kg","","",""
"dc61e027-cb55-4c32-9a83-a06a4f7268c2","FIDEO ROSCA","PASTAS Y CEREALES SECOS","kg","","",""
"bad607f8-c310-410d-8849-3112cd2bec3e","MAICENA","PASTAS Y CEREALES SECOS","kg","","",""
"4c99ca8a-1c3c-49d3-9efe-5d38d1ab377d","ACELGA CHINA","VERDURAS","unidad","","",""
"363e649e-7d29-4aae-81b1-ba845bb52a45","ACHOJCHA","VERDURAS","kg","","",""
"58f86b01-9089-41d5-8e91-8983a55ac608","AJI FRESCO AMARILLO PER","VERDURAS","kg","","",""
"c81ac949-96c8-4e00-96a5-929bf5a5632c","AJI UCHU","VERDURAS","kg","","",""
"69973177-af9f-4603-8f91-fe0b88a01b48","AJI UCHU ROJO","VERDURAS","kg","","",""
"0177727f-8793-497c-9a96-757804dba5e6","AJI UCHU ROJO AMARILLO","VERDURAS","kg","","",""
"ff13831f-fc43-483c-8fb9-0807be3fa21b","AJO EN DIENTE","VERDURAS","kg","","",""
"8ff76735-5573-4f1d-85e6-59cc5c1e079a","AJO PELADO","VERDURAS","kg","","",""
"214c0d87-b81e-4788-bd3b-db36a4bf12ad","ARVEJA","VERDURAS","kg","","",""
"83462cc4-8fec-4ddb-9762-88de9721f589","ARVEJA PELADA","VERDURAS","kg","","",""
"abed8439-43e0-444e-a31b-1cf7b1020462","BROCOLI XTRA GRANDE","VERDURAS","unidad","","",""
"920aec3a-fbc7-490c-9832-57840394b308","CAMOTE","VERDURAS","kg","","",""
"82b33292-5364-4748-94bf-73ba5dbce58f","CAMOTE PERUANO","VERDURAS","kg","","",""
"ce431839-a2b9-4a45-834b-ad0eb272389d","CEBOLLA VERDE","VERDURAS","kg","","",""
"e85c1e4c-fc85-4247-a647-f870ba20947c","CHOCLO 1RA TIERNO","VERDURAS","unidad","","",""
"4861622a-6ecf-44da-a6ff-fa8729d4d62b","CHOCLO 2DA TIERNO","VERDURAS","unidad","","",""
"42d00c42-6449-4b40-a8f3-21b153441bca","ESPINACA","VERDURAS","kg","","",""
"965bec7a-f421-47bf-ad6f-404d7f2b08c5","FLOR DE JAMAICA FRESCA","VERDURAS","kg","","",""
"e6ecb03d-9079-4c37-9a16-0ebe401e8d15","HABA","VERDURAS","kg","","",""
"7ba75496-4b23-449d-81d0-dc62867a7aa9","LECHUGA CRESPA","VERDURAS","kg","","",""
"db310cd2-3488-4af8-806d-f510041a912b","LECHUGA ROMANA","VERDURAS","unidad","","",""
"e1b2469d-b8d6-4347-9c0a-ba65828fd53b","LOCOT VERDE GRANDE","VERDURAS","kg","","",""
"37520a2e-506c-4e87-b9ca-36f7203b5f7f","LOCOTO ESCABECHE","VERDURAS","kg","","",""
"56724f9d-3f5c-4150-94ae-8dcb3205a66d","NABO","VERDURAS","kg","","",""
"e652e574-a8ea-4d2a-8114-ae5db0f85b78","PAPA HOLANDESA GRANDE","VERDURAS","kg","","",""
"f4bf6fcc-f6df-48ed-9d52-4bbdc28313b7","PAPA HOLANDESA MEDIANA","VERDURAS","kg","","",""
"12964559-f538-4674-81b5-309e6bb5ede7","PAPA IMILLA GRANDE","VERDURAS","kg","","",""
"b878be10-f780-4e20-a071-69f63a477930","PAPA IMILLA MEDIANA","VERDURAS","kg","","",""
"cc4b5a52-7544-4b00-9def-750dd43072c5","PAPA LISA","VERDURAS","kg","","",""
"041d7b8c-bf31-46c3-b4a6-3859b40ccc26","PAPIN","VERDURAS","kg","","",""
"89cba32f-5072-4bf4-ae75-89b7aacd63be","PIMENTON AMARILLO","VERDURAS","unidad","","",""
"1f028f41-0337-4ad2-8b5d-d050ef1471c8","PIMENTON ROJO AMARILLO","VERDURAS","kg","","",""
"30e3514a-2c23-4ff7-ac33-fdeaa068dce8","RABANO","VERDURAS","kg","","",""
"35b66f28-c1a8-4d48-840f-1dc4d0b234a1","REMOLACHA","VERDURAS","kg","","",""
"db0a2a47-47ca-4115-b512-9d6d0dfb8eba","REPOLLO MORADO","VERDURAS","unidad","","",""
"fb2a887a-5d1e-4331-9c11-cb8aa2236a44","REPOLLO VERDE","VERDURAS","unidad","","",""
"00142895-fa6b-46d6-96db-3c5e025498de","TOMATE","VERDURAS","kg","","",""
"c8f026ff-834e-4239-96e6-d2509be9cf35","TOMATE CHERRY","VERDURAS","kg","","",""
"d354a5ce-e436-442a-b80b-f3860610bc53","TOMATE PINTON","VERDURAS","kg","","",""
"7bb90cc1-9f15-4311-8abf-845fafe632cb","TOMATE ROJO SALSA","VERDURAS","kg","","",""
"3138fd40-a216-4678-ab21-dd6c0b60ca97","TOMATE SEMI PINTON","VERDURAS","kg","","",""
"6a047aba-0c69-4192-b1aa-85549fc01d94","VAINITA","VERDURAS","kg","","",""
"6b9d7c1c-6c7b-4383-8900-2610f74debbe","VAINITA ESCABECHE","VERDURAS","kg","","",""
"3ab7fcc0-3bc1-4b45-8cd6-411c282dcc4f","YUCA","VERDURAS","kg","","",""
"353a09bc-1832-44db-86db-b718fc7d7f04","ZANAHORIA","VERDURAS","kg","","",""
"eb5e476b-afd2-4584-9df2-0bc6477a3dfc","ZANAHORIA ESCABECHE","VERDURAS","kg","","",""
"54f6623d-70ed-4b6a-b6f8-18d8c86be400","ZANAHORIA PEQUEÑA","VERDURAS","kg","","",""
"178b14ac-a44e-4205-a9c9-d82bc39a4c5a","ZANAHORIA XTRA GRANDE","VERDURAS","kg","","",""
