"product_id","product_name","category","pricing_unit","current_base_price","new_base_price","amount_bs_catalog_backed","notes"
"826ad3f9-3a9d-4c3f-bcd0-b388c4055718","CIRUELA PASA","ABARROTES (GRANOS, AZÚCAR Y FRUTOS SECOS)","kg",,"","true",""
"9af1a318-93ba-45d8-9189-761a0b898d05","SULTANA","ABARROTES (GRANOS, AZÚCAR Y FRUTOS SECOS)","kg",,"","true",""
"b8849c0b-40d2-420b-859b-a9a98fed9d31","AJI COLORANTE AMARILLO","CONDIMENTOS, ESPECIAS Y ADITIVOS","kg",,"","true",""
"64c9a879-12a6-4702-8bd3-237de2b7eebe","ANÍS","CONDIMENTOS, ESPECIAS Y ADITIVOS","kg",,"","true",""
"35485845-3835-4342-b5ce-8d0863b0a44d","CANELA RAMA","CONDIMENTOS, ESPECIAS Y ADITIVOS","kg",,"","true",""
"f9cd4159-5683-468e-9c97-877702a6d671","CLAVO DE OLOR","CONDIMENTOS, ESPECIAS Y ADITIVOS","kg",,"","true",""
"03d6850c-914c-435b-9fa5-89cf053c6308","LAUREL","CONDIMENTOS, ESPECIAS Y ADITIVOS","kg",,"","true",""
"f7c6ed7a-a810-45bb-89f3-57889e79056e","NUEZ MOSCADA POLVO","CONDIMENTOS, ESPECIAS Y ADITIVOS","kg",,"","true",""
"d2da514e-1fd4-430d-ae95-e10e48c3767d","MANZANA ROJA","FRUTAS FRESCAS","unidad",,"","true",""
"94d7f997-020b-4380-b1af-1a79dab9cef1","MANZANA ROJA CRIOLLA","FRUTAS FRESCAS","unidad",,"","true",""
"59debd55-7fa1-45f1-ada1-5248c58596d2","MANZANA VERDE","FRUTAS FRESCAS","unidad",,"","true",""
"8102dab8-905b-4364-8307-f4a676d5874c","PAPAYA","FRUTAS FRESCAS","unidad",,"","true",""
"363e649e-7d29-4aae-81b1-ba845bb52a45","ACHOJCHA","VERDURAS","kg",,"","true",""
"58f86b01-9089-41d5-8e91-8983a55ac608","AJI FRESCO AMARILLO PER","VERDURAS","kg",,"","true",""
"c81ac949-96c8-4e00-96a5-929bf5a5632c","AJI UCHU","VERDURAS","kg",,"","true",""
"69973177-af9f-4603-8f91-fe0b88a01b48","AJI UCHU ROJO","VERDURAS","kg",,"","true",""
"0177727f-8793-497c-9a96-757804dba5e6","AJI UCHU ROJO AMARILLO","VERDURAS","kg",,"","true",""
"ff13831f-fc43-483c-8fb9-0807be3fa21b","AJO EN DIENTE","VERDURAS","kg",,"","true",""
"8ff76735-5573-4f1d-85e6-59cc5c1e079a","AJO PELADO","VERDURAS","kg",,"","true",""
"214c0d87-b81e-4788-bd3b-db36a4bf12ad","ARVEJA","VERDURAS","kg",,"","true",""
"83462cc4-8fec-4ddb-9762-88de9721f589","ARVEJA PELADA","VERDURAS","kg",,"","true",""
"ce431839-a2b9-4a45-834b-ad0eb272389d","CEBOLLA VERDE","VERDURAS","kg",,"","true",""
"42d00c42-6449-4b40-a8f3-21b153441bca","ESPINACA","VERDURAS","kg",,"","true",""
"965bec7a-f421-47bf-ad6f-404d7f2b08c5","FLOR DE JAMAICA FRESCA","VERDURAS","kg",,"","true",""
"e6ecb03d-9079-4c37-9a16-0ebe401e8d15","HABA","VERDURAS","kg",,"","true",""
"56724f9d-3f5c-4150-94ae-8dcb3205a66d","NABO","VERDURAS","kg",,"","true",""
"cc4b5a52-7544-4b00-9def-750dd43072c5","PAPA LISA","VERDURAS","kg",,"","true",""
"30e3514a-2c23-4ff7-ac33-fdeaa068dce8","RABANO","VERDURAS","kg",,"","true",""
"35b66f28-c1a8-4d48-840f-1dc4d0b234a1","REMOLACHA","VERDURAS","kg",,"","true",""
"6a047aba-0c69-4192-b1aa-85549fc01d94","VAINITA","VERDURAS","kg",,"","true",""
"6b9d7c1c-6c7b-4383-8900-2610f74debbe","VAINITA ESCABECHE","VERDURAS","kg",,"","true",""
